user,item,rating
1156,81,5.0
1156,83,5.0
1443,83,5.0
1489,83,1.0
1732,81,5.0
3511,220,4.0
4022,219,5.0
4037,142,2.0
4483,219,3.0
2381,220,5.0
4932,154,5.0
1329,220,4.0
5354,154,5.0
5687,314,4.0
4022,296,5.0
6313,77,5.0
6442,220,5.0
6846,296,5.0
6935,220,5.0
6962,314,4.0
7429,259,5.0
7605,314,4.0
9092,283,5.0
9554,81,4.0
2989,283,5.0
10310,220,5.0
6313,283,5.0
10727,283,4.0
10874,296,5.0
11365,283,4.0
11581,485,5.0
11939,569,5.0
9207,511,5.0
12101,283,3.0
12243,283,4.0
12326,2,5.0
8547,296,5.0
12844,121,4.0
7605,569,5.0
13098,296,4.0
13292,220,5.0
13360,274,5.0
13622,121,5.0
13937,485,5.0
14469,236,5.0
14548,485,5.0
4483,310,5.0
4778,511,5.0
15360,220,5.0
16202,307,4.0
10727,569,3.0
15170,485,5.0
16708,283,5.0
16994,457,5.0
11517,679,3.0
17373,457,2.0
5696,710,5.0
17713,438,5.0
4934,714,4.0
17742,714,4.0
5354,714,5.0
3939,714,5.0
17990,714,4.0
3939,17,5.0
1156,714,5.0
18193,468,4.0
18324,714,2.0
18353,714,4.0
18390,714,5.0
4778,710,5.0
18569,746,4.0
18709,746,4.0
18709,219,5.0
18890,746,4.0
18908,746,4.0
11939,714,5.0
4483,714,4.0
19067,468,5.0
19275,714,5.0
4934,647,5.0
19539,746,5.0
19640,793,1.0
19855,142,5.0
20112,819,3.0
3939,819,5.0
20272,679,1.0
20275,819,4.0
20356,819,5.0
20412,819,4.0
20457,819,5.0
20515,457,5.0
2669,569,3.0
20693,819,2.0
20700,819,4.0
20779,283,5.0
20787,679,5.0
20787,694,5.0
20888,366,5.0
20948,714,3.0
7605,828,5.0
28,840,5.0
1670,220,5.0
22501,710,1.0
22574,457,5.0
22685,710,5.0
22916,710,5.0
6060,468,4.0
10310,296,5.0
23257,457,4.0
4934,679,5.0
22606,746,4.0
23486,714,5.0
23564,283,5.0
24045,710,5.0
6313,647,4.0
18908,714,4.0
24649,744,3.0
24649,740,5.0
24649,457,4.0
13098,746,5.0
25345,479,5.0
25429,679,4.0
25518,296,5.0
25655,457,3.0
18702,511,3.0
25736,457,5.0
10727,819,3.0
25854,714,5.0
25859,468,5.0
25882,259,3.0
26052,746,1.0
26106,714,3.0
6313,2,3.0
26433,714,5.0
26500,746,5.0
22606,970,5.0
26624,2,5.0
26712,970,5.0
1670,679,5.0
20700,970,3.0
26794,327,5.0
26931,2,5.0
26949,970,4.0
27088,972,5.0
12243,972,5.0
27299,972,4.0
27334,972,4.0
27346,970,5.0
27386,972,5.0
22606,972,4.0
11939,972,4.0
27769,710,3.0
18709,972,5.0
13622,314,5.0
27914,714,3.0
27915,970,5.0
27920,740,1.0
27983,647,4.0
27999,220,5.0
18111,996,4.0
28103,714,5.0
11517,970,4.0
28332,457,5.0
28664,996,4.0
28708,327,5.0
16528,996,4.0
28934,219,4.0
18427,646,5.0
1688,719,3.0
29165,819,4.0
27999,819,5.0
9207,1035,5.0
10866,1035,5.0
29652,1035,5.0
22916,1035,5.0
29637,793,4.0
4663,714,3.0
29826,828,5.0
29877,296,5.0
5687,970,4.0
30114,236,5.0
30213,1116,5.0
3789,468,4.0
18890,1035,4.0
18908,1035,4.0
30519,1029,4.0
19640,1097,4.0
30553,1029,1.0
7605,646,5.0
30582,1029,5.0
7605,1119,5.0
13300,569,2.0
1670,1029,4.0
30661,1097,4.0
30677,1029,5.0
30723,1119,2.0
30755,1124,4.0
29877,1124,5.0
30808,457,5.0
26500,1097,4.0
30918,1124,4.0
31012,457,5.0
31055,1029,4.0
10727,1029,5.0
7429,1029,5.0
31363,1029,5.0
31364,1029,5.0
27088,1029,4.0
19855,694,1.0
4037,996,4.0
10866,1097,4.0
26624,1139,5.0
25882,1145,5.0
31574,619,5.0
18709,1148,5.0
6874,710,2.0
27216,1029,4.0
31646,1145,5.0
31659,970,4.0
31760,1145,3.0
31795,1139,5.0
9224,970,5.0
31996,1145,5.0
22560,679,5.0
32247,1154,5.0
11939,1097,5.0
4483,1124,4.0
30755,1166,4.0
32432,1124,3.0
32433,1124,5.0
27088,1165,5.0
32476,1165,4.0
26052,1169,5.0
4934,1165,4.0
19275,1165,5.0
32550,1165,5.0
32556,1124,5.0
20112,1124,4.0
26922,1097,3.0
32862,694,5.0
32958,647,5.0
32971,1162,5.0
33093,1162,4.0
33099,897,4.0
27334,996,5.0
20412,1165,5.0
22606,1139,5.0
33417,1119,5.0
33421,1124,5.0
33444,1055,5.0
33451,878,4.0
31795,2,4.0
33695,17,5.0
33699,996,5.0
33845,327,5.0
11581,1119,5.0
27346,1119,5.0
34524,850,5.0
34533,554,4.0
34584,1035,5.0
34768,840,4.0
34768,679,5.0
5354,1196,5.0
34850,793,2.0
13360,1097,4.0
35595,878,4.0
35595,972,4.0
4022,828,5.0
24649,154,3.0
36106,1165,5.0
13929,17,3.0
18908,850,4.0
18908,1166,4.0
19855,828,5.0
34768,43,3.0
37224,1259,5.0
37749,2,5.0
38115,1119,3.0
38379,1259,5.0
38380,1259,4.0
27983,1165,5.0
31098,1162,1.0
39468,1196,5.0
11939,1035,5.0
39752,1148,1.0
30723,1148,1.0
31012,1259,4.0
28934,1289,2.0
38379,1289,5.0
40187,1124,4.0
18908,1289,2.0
18702,878,5.0
40542,1289,5.0
31659,1289,5.0
29637,554,4.0
25032,1301,5.0
41208,1055,1.0
41815,1162,4.0
41941,1337,4.0
41963,259,5.0
42005,1130,4.0
5354,1337,5.0
42026,1128,1.0
42058,1337,5.0
42373,1337,4.0
9092,1055,5.0
42558,840,5.0
42574,1337,5.0
22560,283,5.0
43102,1337,5.0
7217,1196,3.0
43145,274,5.0
43170,1162,2.0
43213,1128,4.0
43362,1130,3.0
43419,1162,5.0
26922,142,1.0
43680,1162,4.0
26500,1162,4.0
43855,1162,5.0
26949,1162,5.0
39468,1162,4.0
29652,1162,3.0
44005,828,5.0
17713,1372,4.0
44111,1372,5.0
44114,1372,3.0
7605,1162,5.0
41483,1372,5.0
44447,274,5.0
34533,1124,2.0
31098,1119,1.0
30519,327,5.0
32432,1154,4.0
33099,1297,5.0
17990,1337,5.0
9554,1139,4.0
32556,1148,3.0
12844,366,5.0
34749,1148,5.0
46271,1148,4.0
46284,1148,4.0
46305,1148,4.0
46489,1304,5.0
37224,1297,4.0
46641,1196,5.0
20888,1148,5.0
31574,1124,5.0
47429,714,4.0
25859,1433,5.0
18908,1337,3.0
3789,1341,4.0
24350,1055,1.0
30553,1432,3.0
48165,1432,4.0
48259,1119,4.0
48281,1419,5.0
48480,1445,5.0
30677,1445,4.0
48526,511,5.0
18324,1419,4.0
48622,1420,3.0
20779,897,5.0
3789,1372,4.0
3789,828,5.0
29877,1116,3.0
17990,1432,5.0
24350,1154,4.0
18890,1432,4.0
27334,1162,5.0
19275,1445,5.0
49390,1435,5.0
49403,1435,4.0
18908,1471,4.0
3789,1471,5.0
30661,1471,5.0
49588,1471,2.0
49598,274,5.0
20457,1437,5.0
29715,1437,4.0
46271,1455,3.0
33695,1437,4.0
24350,1304,2.0
7259,1437,3.0
31646,1471,5.0
50315,647,3.0
50341,327,5.0
7441,1435,3.0
50755,1419,4.0
22574,850,5.0
40651,1337,5.0
10866,1162,4.0
51165,1432,3.0
51167,828,4.0
5687,1145,3.0
51336,1455,3.0
31574,1455,4.0
52107,1455,3.0
52163,679,1.0
16528,1148,5.0
6442,793,1.0
20700,828,3.0
52292,1055,5.0
52393,1289,3.0
22574,1334,5.0
46271,1471,5.0
13622,1455,4.0
4037,1455,3.0
52830,1334,4.0
33699,1162,4.0
53252,1419,4.0
53263,1455,4.0
32550,840,5.0
44114,1495,3.0
53503,1455,4.0
29637,1495,4.0
53608,1470,5.0
11581,1455,4.0
53929,1495,4.0
1489,1470,5.0
1670,438,4.0
54220,1530,2.0
54305,1495,4.0
54335,1530,3.0
49403,1530,2.0
42058,1455,4.0
54765,1445,4.0
20412,1530,3.0
54794,468,2.0
46284,1530,3.0
49403,1470,5.0
26500,1289,5.0
55114,1496,3.0
55166,541,5.0
18908,1445,3.0
31795,1554,5.0
32247,1156,5.0
55339,828,3.0
34524,1555,3.0
7605,752,5.0
55506,1337,4.0
33451,1555,4.0
29165,1555,5.0
55578,366,3.0
27386,1554,4.0
36096,1555,4.0
55726,1554,5.0
29652,1554,3.0
53252,891,4.0
56134,1162,4.0
56273,927,5.0
56340,1495,5.0
56366,1554,3.0
56423,1568,4.0
56541,1568,4.0
49403,1568,3.0
56616,236,4.0
56618,1348,4.0
49588,1568,2.0
16528,850,3.0
52083,1124,3.0
30723,569,1.0
18285,927,5.0
16994,828,3.0
7605,1470,5.0
57807,541,5.0
43419,1554,5.0
57917,1470,5.0
57992,1568,2.0
58311,1607,4.0
58476,1608,4.0
58601,390,5.0
27769,1608,5.0
7217,1470,5.0
58883,554,5.0
58883,236,4.0
25655,1334,4.0
58891,1334,5.0
59036,1470,4.0
59041,1496,1.0
32971,1608,5.0
39752,1470,5.0
13622,679,4.0
59467,468,5.0
59507,111,5.0
55114,350,5.0
59951,1470,5.0
60193,468,5.0
6313,1420,4.0
1489,1608,1.0
49588,1420,5.0
50855,1341,4.0
60746,878,5.0
60746,646,5.0
1670,719,4.0
28708,897,1.0
61295,1435,2.0
61440,1661,4.0
34584,1608,5.0
33451,719,2.0
39752,1649,1.0
34584,1470,5.0
62252,1297,3.0
4483,1116,2.0
62459,850,3.0
7605,1455,5.0
11581,468,5.0
55506,719,3.0
19855,1609,1.0
62950,1348,3.0
62988,1609,4.0
20787,828,4.0
63055,719,2.0
63085,1649,2.0
24045,1609,3.0
4934,1607,5.0
62459,1670,4.0
63547,1649,2.0
63739,1128,4.0
63806,1607,2.0
63810,1608,4.0
63973,1661,4.0
49403,1649,2.0
64268,719,4.0
64335,850,4.0
64374,1609,2.0
64440,1470,5.0
6874,1539,5.0
64472,1539,5.0
34533,1670,4.0
25882,111,5.0
16528,1539,4.0
64640,1728,3.0
33451,1675,3.0
53263,1691,1.0
27386,1728,3.0
64708,1539,4.0
64724,1539,4.0
64954,1124,5.0
64973,1470,5.0
56541,1691,3.0
49588,1539,5.0
29637,438,5.0
13622,1609,4.0
52830,840,4.0
56423,1728,4.0
17713,719,1.0
58311,1750,1.0
26949,1675,2.0
26949,719,4.0
65744,891,5.0
65827,154,5.0
11581,1661,5.0
22574,1470,5.0
4378,1728,4.0
65959,1527,5.0
66129,1691,5.0
3789,1294,5.0
13534,1758,4.0
66176,1758,4.0
33421,1607,5.0
66212,1758,4.0
48622,1527,5.0
27915,1527,4.0
4483,1294,4.0
4022,1758,4.0
30553,1691,4.0
53121,1758,3.0
30582,1758,4.0
66271,1294,3.0
40542,1765,5.0
66354,1758,4.0
269,236,5.0
7605,1294,5.0
20693,1767,5.0
20693,1527,5.0
38380,1758,5.0
47062,1760,3.0
66557,1294,5.0
66586,1527,4.0
66620,719,4.0
66629,1758,4.0
10727,1760,5.0
66664,1462,5.0
66620,1691,4.0
42574,719,3.0
43213,827,1.0
27914,468,5.0
66745,1760,5.0
23564,1758,4.0
18285,1608,5.0
6442,719,3.0
13746,1670,5.0
48480,1539,5.0
53929,1289,2.0
46489,1165,5.0
16528,1294,5.0
46489,457,5.0
22916,1728,4.0
67767,1765,5.0
36209,1760,5.0
31012,468,5.0
67794,457,3.0
67491,1154,4.0
18193,557,5.0
67848,1130,5.0
61440,828,5.0
22916,1675,4.0
27088,1527,4.0
68112,1496,5.0
3789,1818,2.0
27769,1675,3.0
64724,1675,4.0
32971,1776,5.0
41483,1784,5.0
61440,1772,5.0
2418,1675,3.0
64472,1776,4.0
63806,1760,5.0
10727,1780,4.0
66354,1821,4.0
33274,1784,4.0
2721,1776,2.0
9554,1675,3.0
68524,1390,5.0
29715,1818,3.0
56616,1780,4.0
56541,1750,2.0
68680,2,5.0
68693,1750,3.0
68712,1772,4.0
16528,1675,4.0
64954,1608,4.0
13534,1821,2.0
1670,1675,3.0
52242,1818,4.0
68990,1776,5.0
5696,1750,4.0
62252,1154,4.0
69220,468,5.0
43419,1765,5.0
63085,1818,4.0
69290,1818,3.0
63085,1294,5.0
13501,1784,4.0
42026,1390,5.0
66176,1760,4.0
69669,1750,3.0
31363,1818,5.0
27216,1776,5.0
7441,1294,4.0
31760,1776,3.0
20888,1555,5.0
28103,1776,5.0
32433,1242,2.0
70238,1772,4.0
70520,1156,5.0
48480,1750,4.0
18193,1782,2.0
24045,1750,4.0
33451,1782,4.0
27769,1782,4.0
10866,1818,2.0
71021,1420,5.0
71158,1821,4.0
71319,1301,3.0
71365,1466,5.0
71378,1818,4.0
50755,1750,2.0
7429,1782,2.0
16528,1782,4.0
4483,1605,3.0
57917,1466,4.0
72022,1750,5.0
72167,1759,3.0
71107,1466,2.0
58891,1462,5.0
61440,222,5.0
22835,828,4.0
34524,1124,4.0
72519,1861,5.0
72215,1765,5.0
13746,1818,3.0
6846,1948,5.0
18908,1568,4.0
72850,1595,4.0
50341,1470,5.0
72921,1857,4.0
30553,1857,1.0
2418,1919,3.0
72947,1857,5.0
41941,1948,5.0
22835,1948,5.0
72996,1948,4.0
46305,1948,4.0
73020,511,4.0
63547,1419,3.0
46641,1857,5.0
73090,1407,3.0
20275,1919,4.0
64335,1861,4.0
7605,897,4.0
73466,1390,5.0
25429,1857,4.0
49598,1882,4.0
61295,1908,5.0
40542,1919,4.0
73677,274,5.0
42373,1948,5.0
18427,1882,4.0
73807,1948,5.0
74224,1916,3.0
26106,1670,5.0
26712,1916,5.0
51165,1466,4.0
28,1857,5.0
28332,1608,5.0
75558,1948,5.0
4378,1750,3.0
75985,1857,4.0
16708,1782,3.0
52107,1916,4.0
1670,1916,4.0
63547,1607,4.0
76286,1466,3.0
76395,1728,4.0
25882,1916,4.0
5696,1608,5.0
75985,1772,5.0
30114,1916,2.0
29630,1575,4.0
49390,1919,4.0
76945,1470,5.0
77038,1857,5.0
29652,2036,3.0
30723,1517,4.0
77198,2036,5.0
1156,1919,5.0
77523,897,3.0
77607,752,5.0
30114,1595,3.0
76945,1772,5.0
27999,1595,4.0
7605,1435,4.0
6060,1445,5.0
78307,1124,4.0
78307,828,5.0
30582,1750,4.0
26922,1765,5.0
18324,2036,5.0
6874,1919,4.0
63652,1751,5.0
13292,1751,4.0
1443,1821,1.0
19719,1404,4.0
50755,1962,4.0
79157,1750,4.0
72850,1857,4.0
79484,2031,5.0
30677,2031,5.0
56616,1962,4.0
71378,1962,5.0
16202,1908,5.0
33274,2083,5.0
18427,1130,3.0
29715,1962,3.0
18193,1962,3.0
34533,1294,3.0
80296,1289,3.0
61440,2031,5.0
80420,828,1.0
80476,79,4.0
29637,2031,5.0
80782,1294,5.0
79157,1919,3.0
20356,1760,5.0
28,1776,3.0
81272,619,5.0
81359,1838,4.0
51336,2113,3.0
66586,2113,5.0
69669,2113,4.0
81501,1404,1.0
61440,1838,5.0
34323,1527,3.0
49390,1767,4.0
4483,2114,2.0
68712,1838,5.0
24350,1715,3.0
71365,1759,4.0
27386,468,5.0
49403,2114,5.0
24350,2,4.0
17373,1470,4.0
18111,1497,4.0
18111,2148,5.0
81501,1751,3.0
55114,457,5.0
4022,2148,5.0
43145,1715,5.0
72921,2148,5.0
67794,1838,4.0
83326,2114,5.0
22606,2148,5.0
53263,2031,4.0
18324,1455,3.0
64954,1605,4.0
83956,1124,4.0
33451,111,5.0
84217,897,5.0
58891,1165,5.0
84574,1419,3.0
46878,1470,5.0
22606,2085,5.0
66176,2113,5.0
84783,1974,4.0
84825,2113,4.0
84868,2113,4.0
80296,2113,4.0
31098,1419,1.0
22916,2148,5.0
54765,1958,5.0
54765,1649,2.0
33099,1607,3.0
85285,1466,1.0
85343,1397,5.0
43680,2113,5.0
46284,2113,4.0
28664,2031,5.0
33274,1958,3.0
33451,1166,5.0
85486,1294,4.0
85491,1758,4.0
66586,2002,5.0
6919,2148,5.0
85709,468,5.0
31574,1838,3.0
7441,1595,4.0
30213,2083,3.0
84217,2203,4.0
27920,2222,4.0
1670,2002,5.0
86113,1751,4.0
86125,1659,4.0
46305,2222,5.0
80476,2148,5.0
6060,2204,4.0
27299,2222,5.0
84217,2045,4.0
30808,2113,4.0
84217,1124,4.0
86870,1470,5.0
12101,2222,5.0
33099,2237,2.0
9207,2148,5.0
87174,1974,5.0
73020,1124,4.0
48526,2,5.0
72947,2204,5.0
4778,1124,3.0
87478,111,5.0
9207,1497,5.0
87734,222,5.0
33099,1728,2.0
87780,1130,4.0
18353,2036,4.0
46284,2253,4.0
84783,2016,5.0
87948,1539,4.0
36209,2253,5.0
24350,927,3.0
80782,1767,5.0
88427,2253,4.0
25882,1780,5.0
88739,1130,5.0
17373,2031,5.0
46878,752,5.0
64640,2222,5.0
10874,1908,5.0
13937,1715,5.0
89120,2148,5.0
89187,1433,3.0
53263,2253,4.0
90174,541,5.0
61440,2129,5.0
25032,1166,5.0
90393,2113,5.0
90315,1470,3.0
90964,2,5.0
91078,468,5.0
71378,2205,5.0
91159,111,5.0
4022,2205,5.0
4022,1670,5.0
11581,2203,3.0
70520,2222,5.0
40651,1772,5.0
64954,1433,5.0
92183,1659,5.0
30723,1962,3.0
7429,2253,4.0
46878,310,5.0
50341,83,5.0
50341,719,4.0
92453,1936,4.0
92524,927,4.0
11581,2205,5.0
63806,2063,5.0
40187,1784,4.0
80476,2205,5.0
22606,2205,5.0
67491,468,5.0
18111,2205,5.0
52083,2031,4.0
2418,2063,4.0
93720,1462,5.0
93807,2205,5.0
22606,2063,5.0
93904,1605,4.0
93936,2,5.0
80476,2398,5.0
62459,1850,4.0
94078,2085,4.0
19719,2398,5.0
72921,2398,4.0
94270,752,4.0
18123,2129,5.0
22606,2398,5.0
63547,2253,5.0
46878,1670,5.0
39772,2398,4.0
22916,2398,5.0
71378,2398,5.0
94698,1294,5.0
23257,1605,3.0
94926,1882,5.0
46878,2398,4.0
20888,1607,3.0
18111,2398,5.0
94270,1649,3.0
95316,2148,4.0
4934,2398,5.0
6442,2204,5.0
27216,2204,5.0
87478,1166,4.0
67767,1715,5.0
9224,1428,5.0
26712,2253,4.0
38115,619,5.0
96228,1842,5.0
50341,111,4.0
33451,438,5.0
72519,1886,3.0
77038,2454,5.0
30553,2085,4.0
43102,2454,5.0
28664,2063,5.0
72022,2222,4.0
7605,2031,5.0
97418,1558,5.0
68680,791,4.0
97528,2031,5.0
17742,2454,5.0
18569,2253,4.0
16708,2412,5.0
71158,2412,5.0
18193,2412,4.0
61440,2441,4.0
7429,2063,5.0
97858,2454,2.0
16528,2412,4.0
71158,2441,3.0
70520,2454,5.0
97959,2340,3.0
98053,1886,5.0
22835,2412,5.0
26500,1962,5.0
30661,2412,4.0
43170,2412,4.0
1858,1462,5.0
98712,2279,5.0
98785,2441,5.0
67767,220,5.0
22757,1470,5.0
98908,647,4.0
34749,2412,5.0
34749,2113,5.0
99144,1289,1.0
99216,2031,5.0
29637,468,5.0
46284,2441,4.0
39508,1886,2.0
30519,1812,4.0
88405,350,5.0
100642,791,3.0
100723,1715,5.0
31364,2529,2.0
3939,2518,5.0
101360,1715,5.0
49588,2518,5.0
98712,1715,5.0
54794,1130,5.0
101770,2540,5.0
102046,2529,4.0
88405,468,5.0
80212,2148,5.0
102376,2177,5.0
52830,1447,4.0
102791,1294,4.0
18427,1861,4.0
103065,2518,4.0
86870,1575,5.0
31012,927,3.0
1156,2518,5.0
58476,1740,5.0
15360,222,5.0
48622,2518,4.0
103800,2441,3.0
41963,836,4.0
56366,2253,5.0
18354,2031,5.0
104923,927,5.0
105276,2340,5.0
105276,2571,3.0
105569,1838,3.0
77523,619,3.0
105860,1517,3.0
101894,366,4.0
43102,1130,5.0
43102,1372,3.0
44447,2443,4.0
13937,1750,4.0
58476,1908,4.0
37491,2454,5.0
26052,327,5.0
68693,2412,3.0
53503,2412,5.0
72519,2279,5.0
20272,468,5.0
24045,1886,3.0
22606,1397,4.0
109152,2518,5.0
24045,2279,4.0
64708,1670,5.0
109492,1496,3.0
71378,1715,5.0
110632,828,5.0
110732,2032,5.0
54220,2540,3.0
43213,1390,3.0
80782,1435,5.0
105569,2106,5.0
112312,1715,5.0
113264,1649,4.0
105860,259,4.0
42026,647,1.0
113264,1470,5.0
87174,897,4.0
50399,1289,5.0
114570,2454,4.0
49598,2569,4.0
112312,1554,1.0
29652,2129,5.0
101360,1733,4.0
73466,259,5.0
1329,259,3.0
115480,2569,5.0
115960,2412,5.0
116042,927,1.0
44114,1124,5.0
27088,2518,4.0
116839,1428,5.0
116880,2412,3.0
27769,2529,2.0
30519,2747,4.0
117227,2529,3.0
37491,2529,4.0
117299,2454,4.0
85958,2529,3.0
84825,2529,3.0
117723,2529,5.0
85285,1782,5.0
22835,2174,4.0
118074,1297,2.0
87478,1445,5.0
41483,2529,4.0
66271,2749,5.0
66176,2749,3.0
118661,1156,5.0
63973,2529,3.0
91078,2441,4.0
94270,2159,3.0
120127,1936,5.0
27346,2095,5.0
83956,2466,3.0
120895,1470,5.0
55578,1470,4.0
5182,1116,5.0
97959,1447,5.0
121450,2,5.0
30661,2174,2.0
92453,2,5.0
87174,327,4.0
92453,646,5.0
88405,1886,3.0
122382,2148,5.0
13292,897,5.0
94270,1812,2.0
9224,2095,5.0
103800,1419,4.0
3939,2126,4.0
90315,2002,5.0
90964,1372,5.0
105569,1372,4.0
123592,1294,5.0
69290,2747,4.0
68693,2174,2.0
18908,2529,4.0
54335,2174,2.0
124381,2747,3.0
2620,1659,1.0
124714,791,5.0
93807,2279,4.0
124896,468,5.0
97959,1936,4.0
100642,2148,5.0
125637,2349,3.0
125755,1558,5.0
48526,307,5.0
125959,2837,4.0
46284,2749,4.0
79157,2412,4.0
18193,1886,5.0
126512,2279,5.0
80476,2655,5.0
64440,1936,1.0
41483,2655,5.0
37749,1780,4.0
32432,327,3.0
56340,2392,5.0
100977,2129,5.0
127301,1470,4.0
71158,2749,2.0
90174,1470,5.0
22501,2731,4.0
22757,1659,5.0
127845,1466,4.0
86113,1428,5.0
128208,2529,5.0
90950,1517,4.0
90950,1886,2.0
127301,17,4.0
22916,2655,5.0
105569,2837,5.0
87478,2016,5.0
18569,2837,5.0
71319,43,4.0
129743,1124,5.0
4934,2655,5.0
22916,2882,5.0
85709,2882,5.0
4483,2881,3.0
20112,2204,5.0
130582,2837,5.0
94078,2882,4.0
11581,2882,5.0
66629,2174,4.0
130769,2882,4.0
130792,1715,5.0
130792,2483,5.0
42058,1691,4.0
33444,2095,2.0
18202,1575,5.0
36096,2443,4.0
48281,2655,4.0
62950,2655,5.0
30213,2896,4.0
131849,2896,5.0
132016,836,1.0
30677,2655,5.0
85709,2655,5.0
132109,1471,3.0
36323,2882,5.0
132413,1916,3.0
132511,1470,5.0
97858,2900,5.0
105569,2483,5.0
133048,2016,5.0
28934,2749,4.0
133835,1661,4.0
18908,2837,3.0
9092,1470,5.0
91159,2085,5.0
125959,2921,3.0
18193,2930,5.0
19719,2203,4.0
16528,2340,5.0
66745,2441,5.0
18285,2483,5.0
134535,2747,4.0
117723,2900,5.0
134709,1886,5.0
80476,2863,5.0
90950,2340,3.0
134815,1886,4.0
27769,2930,5.0
134977,1715,5.0
1732,1767,4.0
62950,2935,5.0
87734,1886,5.0
135400,2129,3.0
102071,2935,5.0
78307,468,4.0
34850,2148,4.0
135818,2731,5.0
31363,2222,5.0
33699,2900,5.0
33421,2747,4.0
18123,2148,5.0
114570,2113,4.0
2989,2237,5.0
67794,2443,4.0
55007,1715,5.0
28664,2749,5.0
2293,2903,5.0
127934,2747,4.0
41815,2731,4.0
127934,2731,5.0
137220,1715,5.0
132016,1497,5.0
32433,2203,5.0
1489,2205,5.0
47987,2731,5.0
138009,2148,5.0
53503,2731,5.0
103683,1886,4.0
103683,2095,5.0
1732,2731,3.0
100977,2921,2.0
63055,2921,5.0
132016,468,5.0
139585,2483,5.0
55114,1301,3.0
56423,1496,1.0
139750,1886,3.0
139891,2947,4.0
7605,2284,5.0
140142,1826,5.0
22574,307,5.0
102046,2986,5.0
20888,2986,4.0
127482,2002,5.0
140510,2483,3.0
31364,2986,3.0
90315,2731,4.0
15170,2731,5.0
54765,2731,5.0
140825,2540,2.0
140898,2986,5.0
80476,2891,5.0
70238,2947,2.0
141319,2483,5.0
52242,2986,4.0
73466,836,3.0
98785,2749,5.0
84783,1605,4.0
90393,2731,5.0
76286,2731,4.0
76945,2986,3.0
29637,1116,4.0
142559,2441,4.0
142559,2896,5.0
18390,2921,4.0
53929,2947,4.0
114570,2986,5.0
27334,2903,5.0
56134,2749,5.0
134535,2921,4.0
66620,2731,4.0
30755,2031,5.0
46878,2891,5.0
38380,2837,5.0
49588,2986,4.0
103800,2731,4.0
143127,2731,4.0
27999,2921,5.0
63547,2731,5.0
72167,1659,5.0
143372,43,4.0
84574,43,4.0
66664,2016,5.0
144161,1605,5.0
144161,2045,5.0
42058,2896,5.0
32550,2731,4.0
4934,3054,5.0
26433,2031,2.0
86870,390,5.0
32476,3054,4.0
69290,3054,1.0
144803,646,4.0
71021,1390,5.0
109152,2947,3.0
145094,3056,3.0
31795,3056,3.0
145277,827,5.0
80476,3064,5.0
51165,3060,4.0
56366,3060,4.0
98775,390,5.0
3939,3056,4.0
146382,1740,5.0
146657,1166,5.0
53263,3060,1.0
55114,327,5.0
41483,3056,4.0
64472,3056,4.0
77038,3056,3.0
147629,2525,3.0
147923,259,5.0
27386,836,5.0
97418,2031,4.0
148574,1715,4.0
5354,3054,2.0
98712,2340,5.0
149892,2279,3.0
11939,3056,4.0
27769,2655,4.0
27769,3047,5.0
150372,557,5.0
105860,1751,4.0
68693,3060,4.0
52242,3054,3.0
149892,1733,4.0
13622,2891,5.0
85491,3060,3.0
33274,1659,5.0
13360,2443,2.0
4932,3056,4.0
5696,3120,4.0
24045,3029,4.0
25429,3120,3.0
40221,3106,5.0
4934,2891,5.0
152331,2340,1.0
22757,2697,5.0
52830,1558,4.0
91159,3106,4.0
36096,3106,4.0
10727,3029,5.0
150372,1390,5.0
152726,274,5.0
152726,2031,4.0
26106,3029,4.0
29715,3120,3.0
13746,3029,5.0
152916,2415,3.0
116880,3029,5.0
40221,2891,4.0
18390,3060,3.0
25032,1755,4.0
55007,2486,4.0
24045,2486,3.0
153553,1659,5.0
27920,2589,2.0
66586,1974,4.0
121450,554,4.0
25345,2095,5.0
154462,2126,5.0
71319,2483,5.0
32971,3029,5.0
1489,1659,1.0
155822,1130,4.0
55840,2398,3.0
4378,3029,5.0
156041,1497,5.0
43145,1470,5.0
16528,3029,4.0
156491,1470,4.0
3939,3189,5.0
130792,2398,5.0
156491,1605,5.0
37491,3056,5.0
18324,2731,5.0
52242,3106,4.0
105276,2454,5.0
62950,3189,5.0
63652,1605,5.0
156875,1812,4.0
18709,3106,5.0
30677,3189,5.0
46878,3158,5.0
53263,3029,5.0
16708,2697,4.0
157481,3201,5.0
157640,1605,5.0
157731,2731,4.0
48281,3120,2.0
16528,3195,5.0
28292,3195,5.0
85285,1517,5.0
69669,3029,4.0
109152,3029,4.0
159009,3106,5.0
159046,1842,5.0
105569,1301,2.0
16994,3215,5.0
112312,1659,5.0
159291,2483,5.0
40221,307,4.0
159493,3215,5.0
159580,2340,4.0
43680,3215,2.0
46878,3189,5.0
28292,3227,3.0
160037,2392,5.0
39772,3158,4.0
160334,2935,5.0
58601,2083,5.0
29826,2503,4.0
34584,1448,4.0
160334,3227,5.0
10727,3215,5.0
50315,646,1.0
126512,327,3.0
18111,3158,5.0
162252,1886,4.0
71319,1661,4.0
162900,3227,5.0
12101,2148,5.0
157481,1372,5.0
75985,3029,5.0
110632,694,3.0
34749,3227,5.0
110632,1470,5.0
91159,3227,4.0
164301,1936,5.0
36323,1124,1.0
46878,1675,4.0
12844,1470,5.0
164643,1659,5.0
85958,2126,5.0
18193,2126,4.0
22606,3158,5.0
165193,77,4.0
165308,1372,5.0
80476,2126,4.0
16202,3290,4.0
165308,2589,5.0
22835,3215,5.0
7605,3290,5.0
165193,1470,5.0
165732,2284,4.0
165752,457,1.0
81272,3013,5.0
167270,79,5.0
167529,2466,5.0
145806,3290,4.0
29637,3302,5.0
22606,3227,4.0
168589,1715,5.0
22501,327,3.0
161342,2340,3.0
161342,2129,5.0
157640,1670,5.0
10866,43,4.0
112312,2340,5.0
169304,1575,4.0
101360,1404,5.0
169304,111,4.0
10727,1470,3.0
18427,2000,4.0
52107,3302,4.0
80476,3189,5.0
64374,3302,5.0
170649,1447,5.0
31659,3218,5.0
64440,2399,5.0
100977,3302,5.0
162252,2483,4.0
134977,1124,5.0
134977,1297,5.0
13746,3218,5.0
46641,3215,5.0
27334,3215,5.0
14469,3252,5.0
75985,3218,5.0
172785,3299,5.0
46284,3302,5.0
156041,2872,5.0
18111,3189,5.0
173241,3218,5.0
56616,3302,5.0
7429,3290,5.0
22757,2483,4.0
34850,274,4.0
173974,3013,4.0
42373,3290,5.0
66586,3302,4.0
139585,828,4.0
174125,3402,2.0
174153,3189,4.0
27769,2589,3.0
85343,3029,1.0
6962,3288,4.0
16994,3189,5.0
18193,3189,5.0
23257,1575,5.0
91078,3013,3.0
22916,3404,5.0
18202,2483,5.0
72921,3189,5.0
13746,3013,2.0
77038,3404,3.0
55506,3013,4.0
174769,1670,3.0
174951,1908,3.0
87478,1715,5.0
174951,1608,4.0
11517,3013,4.0
80420,2900,4.0
175734,1670,4.0
175904,1974,4.0
175909,3288,4.0
56423,3252,4.0
142559,3013,5.0
124381,3401,4.0
25345,1397,4.0
174769,3196,3.0
20693,3404,3.0
176731,3252,5.0
38380,3013,5.0
27384,2129,4.0
42558,438,4.0
128259,3189,5.0
7259,3252,4.0
18202,438,5.0
135400,2031,3.0
177722,3338,3.0
177845,2731,2.0
120127,1861,5.0
7441,3013,4.0
49403,3401,5.0
178179,3252,4.0
162900,3404,5.0
36096,3404,3.0
171131,2205,5.0
41815,3013,4.0
30114,3013,3.0
42058,3302,3.0
56134,3013,4.0
31760,3401,5.0
104923,557,5.0
64374,3252,5.0
4663,468,4.0
178908,752,3.0
33845,1867,5.0
39772,3420,5.0
33699,3338,4.0
179602,1297,5.0
31364,1549,5.0
27088,3338,3.0
73466,43,3.0
134535,3401,4.0
28103,3338,2.0
165308,2863,5.0
23257,2483,5.0
31795,2569,1.0
117723,3338,1.0
54305,3402,5.0
84825,2129,5.0
68990,3189,5.0
72921,3515,5.0
31717,2935,4.0
56616,3338,3.0
181973,3173,5.0
181973,3231,5.0
20888,3402,5.0
182572,3196,5.0
182636,2935,3.0
18193,1659,5.0
28777,3515,5.0
182572,3064,4.0
144803,1605,5.0
27769,3515,5.0
64374,1397,4.0
71378,1659,5.0
183129,2113,5.0
64374,111,4.0
183359,1838,3.0
80782,3299,5.0
51167,2129,5.0
126512,2205,3.0
61295,274,5.0
183723,3252,4.0
183746,1886,2.0
66212,3338,3.0
46878,1659,5.0
84783,1826,5.0
33093,3515,5.0
13937,3561,5.0
56616,1496,4.0
46878,3515,5.0
185324,2881,5.0
54765,3338,4.0
185632,1661,5.0
185730,1908,5.0
185814,2129,5.0
22685,2129,5.0
101360,43,4.0
64440,2697,5.0
62459,646,4.0
138009,2000,5.0
18111,1659,4.0
32958,791,5.0
186569,2392,1.0
145277,3101,5.0
186810,1128,3.0
92264,2947,4.0
57917,3402,5.0
183723,3539,5.0
93904,3401,2.0
65744,1861,5.0
30582,3288,5.0
156491,2129,4.0
49390,3338,4.0
167529,2237,4.0
188312,3617,5.0
188353,2466,5.0
64335,3617,4.0
115480,3218,2.0
71378,2483,5.0
127301,3617,5.0
2381,2935,2.0
12932,1767,5.0
189915,3623,5.0
18202,1812,5.0
12932,619,5.0
2799,3252,5.0
190066,3252,5.0
190215,356,5.0
84825,2483,5.0
170649,3029,3.0
175734,2159,3.0
190215,2525,5.0
269,1884,4.0
190215,791,5.0
190943,3623,5.0
27384,3460,5.0
2721,2415,5.0
191287,1435,3.0
4022,3303,4.0
19719,1659,4.0
191518,3252,5.0
191606,2,4.0
192320,2569,4.0
85709,1659,5.0
124714,3064,5.0
88739,2399,3.0
3997,2483,5.0
193020,2466,5.0
28332,1936,5.0
193020,468,5.0
77198,2731,1.0
194056,1659,4.0
128259,1659,5.0
27299,3252,4.0
73677,2031,5.0
54794,3617,3.0
39772,3692,5.0
13292,2024,4.0
194880,1372,5.0
195071,1670,5.0
68990,3252,4.0
92264,3662,5.0
46878,3698,5.0
80782,1191,5.0
195805,259,4.0
42005,2339,3.0
182572,2486,5.0
182572,927,5.0
97528,3288,5.0
196642,752,4.0
172785,557,5.0
97528,2486,3.0
196929,2031,5.0
80476,3704,5.0
104923,356,5.0
197253,647,2.0
34922,647,4.0
1489,2466,5.0
41483,2188,5.0
198376,3561,5.0
198882,646,5.0
27769,3750,5.0
84574,1169,5.0
20888,3561,5.0
200282,2019,5.0
32862,2514,4.0
190977,2148,5.0
95316,1715,5.0
20779,307,5.0
201775,2083,5.0
27386,2340,5.0
201955,3561,5.0
191287,111,4.0
116880,3402,5.0
13746,1448,3.0
191287,679,5.0
94270,1496,4.0
202369,1496,5.0
63806,3173,5.0
31795,2443,3.0
197253,1341,5.0
84217,1715,5.0
51167,457,3.0
18111,2188,5.0
18285,1165,5.0
113264,1372,5.0
203414,2148,3.0
27299,3733,5.0
204159,468,5.0
145277,2569,5.0
204525,259,5.0
204598,1842,5.0
5182,1715,5.0
97959,3112,5.0
25032,1372,4.0
1688,3565,3.0
5182,2483,5.0
205330,2,5.0
25032,2,5.0
43855,3064,4.0
120127,2540,5.0
205895,2024,5.0
13937,3750,4.0
52393,646,2.0
30918,2392,3.0
190066,3561,5.0
4934,2188,5.0
88405,3299,5.0
46878,3712,4.0
58883,2443,5.0
63085,2443,4.0
19539,2398,5.0
33695,3561,5.0
208936,3259,5.0
208957,2486,5.0
20275,2443,4.0
10727,3750,5.0
30755,3565,3.0
84825,2903,5.0
92264,3617,5.0
43145,3572,4.0
14302,3864,5.0
201059,1130,3.0
22574,2148,5.0
210792,1165,4.0
210921,457,5.0
211150,2483,5.0
53608,2483,5.0
64472,2443,3.0
269,3561,5.0
81272,3703,5.0
32862,3259,5.0
54305,3733,5.0
203414,2016,5.0
212411,2525,5.0
15360,2204,5.0
2669,1539,2.0
91643,3617,5.0
213053,2483,5.0
130769,3733,5.0
213134,3589,5.0
213349,891,5.0
66212,3565,3.0
213906,2881,5.0
6225,3292,1.0
134815,2881,5.0
214258,2935,4.0
80476,3336,5.0
214441,2486,5.0
17742,3907,4.0
59467,2203,4.0
58311,3617,3.0
88739,2903,4.0
214787,1670,5.0
140142,1435,5.0
215355,3565,4.0
34524,3750,4.0
28777,3337,5.0
190977,714,5.0
47987,2443,3.0
210921,3375,5.0
18390,3750,4.0
72215,2024,4.0
77198,3907,4.0
7605,1780,5.0
6225,3617,1.0
44114,2129,5.0
30677,3259,4.0
29715,3565,4.0
30661,3936,5.0
165193,554,2.0
178179,3907,5.0
71378,3930,5.0
71378,3324,5.0
112312,2935,5.0
85958,3337,5.0
159009,1447,5.0
220337,2024,5.0
220348,2571,5.0
220353,2902,5.0
55166,3324,4.0
6313,2881,5.0
220648,2205,5.0
2669,2204,5.0
58311,2083,3.0
12243,3561,4.0
176731,1124,3.0
26794,1936,5.0
221209,1882,5.0
80476,3975,5.0
221601,1372,5.0
222392,3064,4.0
223087,2279,5.0
223663,2279,4.0
80212,3930,4.0
7429,2443,3.0
56618,2031,5.0
223087,2483,5.0
102376,3051,5.0
225012,3196,4.0
205330,3565,4.0
80296,3561,4.0
84825,3750,4.0
225765,3401,5.0
225988,3051,5.0
226271,1128,2.0
25854,1715,5.0
68524,3299,5.0
24045,2514,5.0
27299,3630,4.0
24045,3193,5.0
191606,3259,1.0
25518,4028,5.0
227932,222,5.0
143127,3907,4.0
63652,3630,5.0
175904,1396,5.0
7605,3630,5.0
132511,3975,4.0
201059,1304,4.0
9092,2881,2.0
229028,1715,4.0
183129,2279,5.0
230035,3989,4.0
230464,4032,5.0
230650,2466,5.0
93936,2398,2.0
93936,2129,5.0
66586,3218,5.0
201059,2324,4.0
201955,1659,5.0
19067,1396,5.0
168589,2483,5.0
220348,2935,5.0
156041,2016,5.0
7605,1660,4.0
232207,3101,4.0
80476,4019,5.0
30661,2880,5.0
167529,3259,5.0
232972,3189,5.0
233365,3704,5.0
26794,927,1.0
53263,2324,4.0
39772,2324,5.0
135400,3527,5.0
54335,3252,5.0
41483,2324,5.0
42005,891,3.0
13534,3029,5.0
234976,1165,5.0
132016,3662,4.0
229028,390,5.0
235432,2392,4.0
30677,3420,5.0
28934,3218,4.0
85709,3420,5.0
16528,3460,5.0
210921,3856,5.0
122382,1780,5.0
81359,4032,5.0
237388,4155,5.0
208002,4155,5.0
11581,897,4.0
32432,2514,5.0
71365,3630,3.0
191518,4032,5.0
47062,3120,2.0
28777,3420,5.0
1670,3218,4.0
239216,2129,5.0
64374,2129,5.0
13292,1603,4.0
239464,3975,2.0
69220,2126,5.0
240078,3051,3.0
240144,3173,5.0
54220,1780,5.0
240729,3617,4.0
223663,2129,4.0
69220,1124,5.0
63806,4161,5.0
157640,3617,5.0
157640,2483,2.0
85343,1780,2.0
201775,2466,4.0
230464,4161,5.0
229028,43,5.0
2620,2188,5.0
91159,2486,1.0
244189,3336,5.0
244417,1780,4.0
244600,3101,5.0
88739,4167,5.0
43145,1242,5.0
211150,554,5.0
245038,1575,3.0
59041,2339,5.0
19275,2880,5.0
6962,4161,5.0
64973,2903,3.0
245841,3303,3.0
30213,4257,4.0
64708,4252,5.0
213349,4161,3.0
7429,4155,5.0
10727,3821,4.0
237388,43,5.0
160334,4258,5.0
58883,4203,4.0
29165,3630,5.0
247075,3930,5.0
64973,1715,3.0
33845,1886,2.0
195071,4252,4.0
201059,4277,4.0
140142,468,5.0
208002,4277,5.0
71319,2,4.0
18193,4277,4.0
92264,2237,5.0
248538,2571,5.0
34922,1605,4.0
34922,1660,4.0
69290,4167,5.0
4378,4203,5.0
213349,4258,5.0
41483,3692,4.0
201059,3204,5.0
249127,3150,4.0
222392,2483,5.0
72947,4161,4.0
212411,2016,5.0
47429,4281,4.0
249865,2514,5.0
2418,4257,5.0
124381,4301,5.0
250514,3692,1.0
194056,4277,5.0
72921,4277,5.0
39772,4277,4.0
4934,4277,5.0
79484,4301,5.0
33093,4277,5.0
251624,2881,5.0
59951,390,1.0
6935,3539,4.0
133835,3733,5.0
252057,1372,2.0
18202,4341,5.0
31795,4257,5.0
105860,3401,5.0
84868,4252,4.0
10310,4161,5.0
64374,4257,5.0
63085,4203,4.0
18354,897,5.0
39468,4281,3.0
253221,43,5.0
178179,4260,4.0
27334,4161,5.0
253904,2902,2.0
32247,2284,5.0
84868,4203,4.0
22916,4277,5.0
47987,4260,4.0
213906,3106,5.0
71319,2031,5.0
210792,836,1.0
10866,4292,4.0
81501,2019,4.0
81501,1605,5.0
24045,2129,4.0
2620,438,5.0
2721,4395,4.0
31717,2031,5.0
201059,4155,5.0
4378,4257,5.0
10727,4395,5.0
256287,1447,5.0
26712,4258,5.0
18111,4341,5.0
256503,2188,5.0
18111,4277,5.0
220348,4302,5.0
117723,2129,5.0
51165,4281,3.0
27769,4024,5.0
256872,1496,2.0
256886,1660,5.0
39772,2188,4.0
257297,2483,5.0
204525,2148,5.0
143127,4264,5.0
22835,4264,5.0
143127,4281,2.0
257515,1165,5.0
156041,4257,5.0
152916,438,5.0
12932,2253,5.0
201059,4341,4.0
257996,4321,4.0
55726,4264,5.0
117227,4281,3.0
14548,1575,5.0
53263,4281,3.0
57807,4252,4.0
62252,3336,4.0
18202,3698,5.0
115480,1396,1.0
50755,2340,5.0
18193,4344,5.0
171909,468,4.0
201955,2483,5.0
81833,3338,5.0
46641,4258,5.0
71378,4167,5.0
260641,3051,5.0
13501,4024,1.0
64973,3029,5.0
133835,1448,1.0
51336,4203,4.0
144803,4019,5.0
134815,2129,3.0
198376,154,5.0
71319,1861,4.0
67848,2085,4.0
71319,3575,4.0
12326,4252,3.0
2293,4292,4.0
38380,4292,5.0
196642,2129,5.0
261850,3106,5.0
261850,1715,5.0
62367,3051,3.0
7217,4292,4.0
41208,4301,5.0
36209,4257,5.0
85709,4506,5.0
31646,4167,5.0
7429,4258,4.0
18569,4257,5.0
72850,4257,4.0
71158,4257,5.0
128259,4506,5.0
42574,4167,4.0
203414,2279,1.0
252057,1124,5.0
118661,111,4.0
250514,1435,2.0
34584,4485,3.0
132413,4281,4.0
85958,4344,4.0
56618,1448,4.0
28292,390,5.0
18111,4344,4.0
115480,2483,5.0
20112,4024,1.0
236893,4024,3.0
22501,3218,2.0
18202,4536,5.0
80476,4536,5.0
164643,2299,5.0
30808,4395,4.0
92183,1670,5.0
149892,2525,5.0
77607,1780,5.0
55840,4260,4.0
96228,2349,4.0
91078,4547,5.0
110732,2451,5.0
19640,4546,3.0
2293,3865,5.0
85709,4536,5.0
252411,1772,3.0
52393,2935,5.0
188353,3515,4.0
36106,4546,5.0
152331,1850,5.0
252411,4495,1.0
174153,3324,4.0
19719,4547,4.0
77038,4546,2.0
161342,1715,5.0
213053,3324,5.0
268247,4542,5.0
48259,1575,4.0
268483,4542,5.0
27386,3662,3.0
208002,4458,5.0
68712,4302,5.0
44447,1826,5.0
191518,4122,5.0
270692,1780,3.0
89187,3193,2.0
271342,468,4.0
165308,4386,5.0
64374,4028,5.0
165308,3092,5.0
44005,3231,4.0
27769,4559,5.0
85958,4536,5.0
27384,2024,5.0
18193,4446,5.0
29637,4546,4.0
102071,4122,4.0
71378,4536,5.0
77607,390,5.0
171909,3173,5.0
46878,4559,5.0
62367,3712,2.0
8547,4546,4.0
245841,1258,3.0
30677,4344,4.0
274488,2503,5.0
245841,2415,3.0
77523,1715,5.0
81359,4542,5.0
62367,4281,4.0
275590,390,4.0
89120,2031,5.0
146657,3817,4.0
98712,468,5.0
33699,4542,4.0
138009,3589,5.0
188312,1124,3.0
100977,3623,5.0
93720,557,5.0
276382,1575,5.0
85958,4458,4.0
174125,4155,4.0
3997,511,2.0
267514,4019,5.0
103683,1575,4.0
214441,3698,4.0
66176,4547,4.0
198176,4371,5.0
18111,4458,3.0
245038,438,4.0
277870,4576,5.0
22560,1462,5.0
87780,4201,4.0
28664,4542,5.0
27346,1605,5.0
278421,4344,5.0
54335,4122,5.0
276382,1128,3.0
7217,2872,2.0
168589,3403,5.0
42558,2279,5.0
22606,4458,5.0
279509,4680,4.0
173974,2872,3.0
198176,2903,5.0
157731,390,4.0
43419,4630,5.0
157731,220,3.0
34584,4546,4.0
53608,2279,4.0
19275,4546,1.0
39468,4726,5.0
71365,3150,3.0
25518,4546,4.0
30661,4446,5.0
84574,1875,5.0
208002,4009,5.0
81272,4546,4.0
27769,3173,3.0
72921,2872,5.0
76945,1575,5.0
230035,3092,4.0
11581,4739,5.0
34524,4028,5.0
25429,4680,5.0
33695,3150,4.0
39468,3150,4.0
56273,4576,5.0
10727,3150,5.0
54335,4009,5.0
144161,1169,5.0
38379,3865,4.0
41483,4680,4.0
13501,4680,5.0
229028,511,4.0
177845,1470,1.0
282877,4576,5.0
28,4680,4.0
117299,4546,4.0
283120,4546,4.0
278421,4576,5.0
72921,4732,5.0
28777,3150,4.0
22757,479,4.0
48281,4576,5.0
31055,4446,5.0
32971,4726,4.0
22606,4732,5.0
20356,3150,4.0
77198,4680,5.0
38115,4680,5.0
284403,2503,1.0
213053,4576,5.0
284658,2340,5.0
284708,2205,5.0
15988,3575,5.0
110732,2228,5.0
24045,4181,2.0
22835,3150,5.0
285391,3401,5.0
73090,1575,3.0
285642,1750,2.0
285642,3222,5.0
22606,3381,5.0
18890,4155,5.0
286266,2483,1.0
100642,3821,3.0
147923,1875,5.0
177722,3692,5.0
18111,4739,2.0
102046,4815,4.0
53121,4815,3.0
287594,3856,5.0
57992,4815,2.0
287826,1555,4.0
98785,4395,4.0
143372,2148,5.0
50755,4576,5.0
287594,3403,5.0
117723,3150,5.0
23564,4815,3.0
41815,4395,5.0
159046,4576,5.0
179602,4576,5.0
27299,4576,5.0
2989,3106,5.0
175904,2483,4.0
290227,2930,5.0
290316,468,5.0
290410,3527,3.0
290227,2935,5.0
290316,2148,5.0
290227,4181,5.0
290227,4506,4.0
81272,4750,5.0
98908,4815,4.0
220348,2483,4.0
77198,2872,4.0
103065,2016,5.0
39772,1659,5.0
103065,274,5.0
46305,274,5.0
34850,4446,5.0
292232,4630,5.0
101360,3112,4.0
99216,2279,5.0
30677,4718,4.0
81501,2000,4.0
30677,1659,5.0
19719,4897,5.0
19067,4806,5.0
293724,3064,5.0
97528,43,5.0
27983,2486,4.0
4932,4576,5.0
294247,646,5.0
294534,2415,5.0
294247,2106,5.0
130769,1659,4.0
26922,4750,5.0
127845,4913,5.0
105276,3337,5.0
295149,3505,4.0
92183,4630,5.0
4663,1715,5.0
160334,2421,4.0
295656,2399,5.0
19275,4726,4.0
30661,4630,5.0
296088,3712,5.0
256329,4718,5.0
100463,1390,3.0
101894,3189,1.0
297256,897,5.0
191606,2399,2.0
22916,4718,5.0
50855,2902,3.0
233314,1603,5.0
79484,4718,4.0
23486,2483,5.0
30661,4922,5.0
7605,2421,5.0
233314,1886,5.0
195071,3337,5.0
116042,3995,5.0
16202,4897,3.0
41815,4750,3.0
148574,836,3.0
159291,4506,4.0
300409,3338,4.0
300632,1162,1.0
177845,1659,1.0
12932,2031,5.0
146657,1715,4.0
146657,1661,4.0
301460,1759,2.0
1156,4718,5.0
159580,3699,5.0
1688,4576,4.0
71319,1670,5.0
302153,2279,1.0
89187,3995,5.0
10866,4718,4.0
64708,5002,1.0
64374,5002,2.0
183723,4576,5.0
19067,4968,5.0
303090,4167,5.0
48165,2421,3.0
303178,2935,4.0
267514,4922,5.0
303271,3995,5.0
78307,2148,4.0
303090,4371,5.0
294534,3995,5.0
19067,2483,5.0
304575,836,5.0
33093,4897,5.0
40187,4718,4.0
225012,2483,5.0
90393,4811,5.0
28292,4750,4.0
90315,4811,5.0
27384,4321,4.0
147923,1258,4.0
215355,220,5.0
92264,2126,5.0
305949,3539,5.0
92524,259,4.0
183723,3324,4.0
16708,5002,5.0
2799,5048,5.0
305949,2401,5.0
4934,1670,5.0
125755,1750,1.0
37749,3460,5.0
125755,1435,4.0
125755,3338,3.0
307057,2113,4.0
40542,5002,5.0
208957,1575,2.0
57992,4718,4.0
143372,1605,5.0
307457,2237,4.0
89187,2483,5.0
252411,3381,1.0
62988,4750,4.0
79484,5018,4.0
8469,4811,3.0
307995,5002,2.0
162252,4806,5.0
169304,4806,4.0
160334,5018,5.0
308493,4341,1.0
183723,4834,5.0
50399,1396,5.0
57992,4750,5.0
252411,4547,1.0
300409,2902,2.0
42574,5018,5.0
309229,2284,3.0
293724,2486,5.0
309444,5009,5.0
159046,4739,4.0
309601,4806,5.0
309741,4576,5.0
130769,4122,3.0
63547,4811,4.0
159046,4347,5.0
94078,5099,3.0
61295,1670,3.0
1858,836,3.0
69669,5099,3.0
222392,3995,5.0
240729,4806,4.0
68990,4009,4.0
310823,2451,5.0
295149,4576,5.0
240729,3995,4.0
175904,1124,2.0
34584,4811,5.0
31659,4815,3.0
66629,5018,5.0
80212,4446,5.0
34533,5041,4.0
34584,1755,4.0
76945,5002,4.0
43419,5078,5.0
303178,2466,4.0
164301,3288,1.0
308493,2483,5.0
279509,4811,3.0
114570,4811,5.0
23486,4968,5.0
22685,4968,5.0
32550,5078,5.0
27299,5099,4.0
98908,4576,5.0
31364,4750,4.0
113264,438,5.0
232972,4834,5.0
4778,3193,2.0
312919,390,5.0
113264,1396,4.0
145094,5099,4.0
257996,2415,4.0
223087,4806,5.0
28,5138,4.0
313631,3222,5.0
69290,3974,4.0
198376,43,5.0
204525,3064,2.0
53121,5099,5.0
148574,3515,4.0
139891,5138,5.0
85709,5048,5.0
17713,5146,4.0
7605,3974,5.0
253904,2935,3.0
160037,3047,5.0
309741,4739,4.0
204159,1124,3.0
70520,2421,3.0
22501,1740,5.0
164301,4743,5.0
174125,4739,5.0
315225,3704,4.0
52083,3995,5.0
34749,5138,5.0
175904,3995,4.0
315438,3995,5.0
229028,4834,4.0
315533,1670,5.0
315533,1437,3.0
85958,5146,5.0
230464,5166,5.0
12326,5099,4.0
295656,1156,5.0
295656,43,5.0
24045,5166,5.0
316632,2935,5.0
316632,1124,5.0
257515,1124,5.0
66745,5138,3.0
183723,5130,5.0
145806,5146,5.0
52107,2421,5.0
36323,2421,5.0
315225,619,3.0
317199,3589,5.0
30755,5138,5.0
80296,5146,4.0
157481,4371,5.0
105860,2205,5.0
98785,5138,5.0
28103,4750,4.0
31574,5138,5.0
37082,5166,5.0
64708,5202,5.0
8469,1304,5.0
149892,2349,1.0
309601,4968,5.0
303271,4806,5.0
223087,4968,5.0
25882,5099,5.0
165732,3337,5.0
99144,1875,1.0
212411,2148,5.0
84868,5202,5.0
208957,17,2.0
275590,1751,4.0
125959,5146,5.0
52292,3662,1.0
256503,5002,5.0
310823,111,2.0
310823,2228,5.0
321419,1886,5.0
38380,5138,5.0
322338,5202,5.0
322308,2483,4.0
34922,1575,4.0
169304,2483,4.0
313631,3995,5.0
127845,4834,5.0
43362,2339,5.0
25736,5166,4.0
46878,4922,5.0
192320,4834,4.0
240078,3698,5.0
49598,2525,5.0
43855,5078,5.0
325318,4703,5.0
85285,274,5.0
55166,5296,5.0
93720,5296,5.0
13937,4703,4.0
326165,2106,5.0
54220,3974,5.0
326165,1861,1.0
62252,2031,5.0
326165,79,5.0
194552,4834,4.0
41483,4703,5.0
18353,5166,5.0
5354,5292,5.0
12101,5292,3.0
294534,4968,5.0
247075,4559,5.0
54335,5296,5.0
64374,5296,5.0
52107,4811,4.0
327680,5130,2.0
32550,5018,5.0
192320,5296,5.0
145094,5336,2.0
63810,2466,4.0
327931,1517,5.0
328188,4177,3.0
328189,1886,4.0
234976,222,3.0
304575,3454,5.0
230650,468,5.0
27769,5280,5.0
315438,4806,4.0
72996,5336,5.0
270692,2228,1.0
85709,5280,5.0
1329,3173,1.0
86113,5099,5.0
68112,2903,2.0
68112,2392,5.0
85709,4834,5.0
4932,4834,4.0
220353,1875,5.0
329537,5364,3.0
303271,4968,5.0
47062,5336,4.0
40221,5336,5.0
325318,5336,5.0
46305,5292,5.0
63055,5292,5.0
75558,5292,5.0
284403,1433,2.0
31363,5138,5.0
212411,2930,5.0
16994,4834,4.0
80782,2518,5.0
6313,1397,5.0
330205,1958,5.0
6935,4703,5.0
330205,1861,5.0
329537,5329,5.0
139891,5336,5.0
15988,5336,5.0
115960,5292,4.0
149892,3047,1.0
63973,5292,5.0
84825,4739,5.0
92453,1660,4.0
88427,5099,5.0
79484,5142,3.0
18890,5142,4.0
6919,5352,4.0
47062,4703,1.0
34584,5146,4.0
56273,3337,4.0
204525,457,5.0
67767,5336,4.0
284658,4371,4.0
102376,1740,5.0
41963,5166,4.0
332264,1659,2.0
72519,5009,3.0
17990,5267,5.0
34584,3974,4.0
284658,1372,5.0
72996,5142,5.0
3511,5352,3.0
194552,5371,5.0
39772,4701,4.0
102376,2483,5.0
267514,5202,4.0
333504,3995,4.0
149892,4732,2.0
25518,4286,5.0
7441,5292,5.0
64268,4286,4.0
20779,3930,5.0
63055,5420,5.0
309601,2483,5.0
46489,3401,5.0
95316,4446,5.0
179602,4834,5.0
26712,5292,5.0
69669,4703,5.0
127934,5352,4.0
335371,3299,5.0
335371,43,5.0
191518,5371,5.0
66557,5443,5.0
6962,4286,4.0
67794,5443,5.0
22560,5420,5.0
64268,5443,4.0
159493,5443,5.0
159291,5057,5.0
2799,5450,5.0
37749,4922,5.0
19640,4703,4.0
2799,5443,5.0
30661,5450,5.0
11517,850,5.0
327680,3166,5.0
19855,4286,3.0
13937,5466,3.0
11939,4703,5.0
43145,2016,5.0
256287,2,5.0
16202,5336,4.0
338845,1124,5.0
159046,4834,3.0
159046,5450,5.0
63810,3401,3.0
89187,4806,5.0
256503,4897,2.0
54305,5443,5.0
51336,5443,5.0
339897,3158,2.0
11517,5466,3.0
7217,5466,3.0
67794,5371,5.0
41963,4703,4.0
340173,3623,5.0
98775,5009,1.0
7259,5407,3.0
7259,5371,5.0
41483,4701,5.0
59467,4703,4.0
191518,5450,5.0
59467,3299,5.0
185730,2228,4.0
10727,3092,2.0
24045,2031,3.0
62252,557,5.0
30677,4922,5.0
52083,2483,3.0
256886,2503,5.0
342488,1886,5.0
33099,5267,5.0
50755,5451,4.0
89187,4968,5.0
313631,4806,5.0
80420,5041,5.0
342488,4559,3.0
128208,5466,2.0
20779,2188,5.0
300409,4347,3.0
7605,5466,3.0
20457,5142,3.0
249865,1715,5.0
60193,274,5.0
34323,1462,5.0
18111,5450,5.0
54220,3158,5.0
31760,5599,5.0
41941,5451,1.0
30808,5142,5.0
345107,2106,5.0
164301,3817,4.0
154838,1715,5.0
115960,4420,5.0
154838,274,5.0
85486,5466,1.0
25859,4446,5.0
345696,1659,4.0
24045,4559,5.0
132109,4420,4.0
213349,4420,4.0
253904,1396,4.0
345696,1396,5.0
345696,3527,5.0
345696,4743,5.0
103800,5352,5.0
27299,5451,3.0
346468,4782,5.0
268778,4782,5.0
322338,2483,4.0
307995,5466,3.0
237388,4420,3.0
205330,5599,5.0
52083,4968,5.0
43362,1605,5.0
346874,3292,3.0
66176,5451,3.0
12101,2935,5.0
80212,3630,5.0
50399,2930,5.0
221209,3930,5.0
173241,5466,3.0
140898,1447,5.0
315079,1974,5.0
41815,5511,4.0
348222,4177,5.0
76286,5142,3.0
239464,3338,1.0
26624,5599,4.0
101770,5580,5.0
213134,1605,5.0
30114,5142,2.0
102046,5451,4.0
95316,1861,3.0
55339,3821,4.0
274826,1603,5.0
25345,1404,4.0
274826,2019,5.0
274826,468,5.0
32958,4446,5.0
53503,5292,4.0
28103,5292,5.0
73090,259,1.0
349647,3930,5.0
349647,3166,4.0
134709,4201,4.0
53929,3703,5.0
315438,4968,4.0
20412,5599,3.0
350341,1670,5.0
103065,4420,4.0
277870,4782,5.0
350961,5407,4.0
154462,4446,5.0
12932,4627,5.0
351732,1659,5.0
351732,1670,5.0
352258,3975,4.0
352327,5130,4.0
105569,1755,4.0
249127,836,3.0
43362,3589,5.0
352578,5057,5.0
110732,1124,5.0
352921,4897,5.0
18193,5693,5.0
28777,5693,5.0
352921,557,3.0
352921,3704,4.0
175904,4968,5.0
186810,2,5.0
18193,5695,5.0
30677,5693,5.0
354612,3930,4.0
354993,4201,3.0
37224,5443,4.0
208002,4922,5.0
157481,1124,4.0
355985,2031,5.0
55840,5420,4.0
32556,4420,4.0
357010,2000,5.0
284658,3201,5.0
3939,5606,4.0
315225,5041,5.0
30677,5606,5.0
37224,4420,5.0
198176,3201,5.0
274488,4201,4.0
30677,5748,5.0
47429,3029,5.0
271342,557,3.0
115480,274,1.0
303271,2483,5.0
222392,4806,5.0
360900,1886,5.0
152726,3106,5.0
194880,2935,5.0
194880,2031,5.0
194880,2415,5.0
362601,1575,4.0
194880,1124,5.0
31996,4420,5.0
24045,5695,5.0
87734,4701,5.0
248538,356,5.0
140510,1575,5.0
248538,2466,5.0
364212,2024,5.0
25736,3572,4.0
248538,1124,4.0
139585,2569,3.0
352327,5057,5.0
32958,1826,5.0
30723,4019,3.0
183723,5875,3.0
24045,5693,5.0
127301,4420,4.0
117227,4252,5.0
66557,4627,4.0
367087,4019,3.0
112312,2900,5.0
238070,1447,5.0
367962,2903,5.0
3939,5893,5.0
367962,4019,1.0
1443,4546,3.0
98908,5693,5.0
29877,2031,4.0
127482,3703,5.0
369931,1780,5.0
64472,2177,5.0
22916,5695,5.0
370382,4203,4.0
370403,3101,3.0
41208,3703,5.0
369931,1496,5.0
370882,4485,3.0
309229,4371,5.0
53252,836,5.0
250339,79,3.0
250339,468,4.0
103065,5451,5.0
18193,5202,5.0
53252,3401,5.0
372035,2,5.0
161342,4743,5.0
13746,1407,4.0
40651,2935,5.0
41483,5893,5.0
256872,2540,3.0
30677,5974,5.0
286266,3975,4.0
124896,1124,5.0
348222,3704,5.0
56423,3381,5.0
376331,3589,5.0
11581,5993,5.0
18285,1733,2.0
90950,4347,1.0
8469,4834,5.0
51167,111,4.0
154838,5166,1.0
80420,3196,4.0
147923,3930,5.0
201059,3047,5.0
58476,1575,4.0
308103,1575,5.0
256503,5099,5.0
378854,2016,5.0
379103,2399,5.0
379322,3101,1.0
24045,6025,4.0
379520,3029,5.0
379103,2339,5.0
379103,3222,1.0
367842,6020,5.0
211150,557,5.0
174153,4834,4.0
39772,6025,4.0
380400,438,5.0
3997,5057,5.0
27088,1605,5.0
197253,1861,1.0
190215,4732,1.0
185730,3292,5.0
23486,3704,2.0
26794,4341,5.0
303178,3204,4.0
98053,3821,5.0
8469,6020,5.0
354612,5041,5.0
349647,3222,5.0
81833,5951,5.0
39772,5993,4.0
194056,6025,5.0
233365,2466,5.0
261850,2205,5.0
194056,5974,5.0
194056,5748,5.0
290410,3204,4.0
116839,3995,5.0
22916,5693,5.0
384332,3299,1.0
290410,1575,4.0
80476,1861,5.0
384487,4718,5.0
18709,2083,5.0
37749,6072,5.0
370382,5951,4.0
346468,3403,4.0
252057,3623,5.0
103683,1603,4.0
4934,3381,4.0
252057,3173,3.0
295656,1882,4.0
386169,4019,3.0
59041,3381,5.0
386169,3930,5.0
15170,6020,5.0
386169,2279,5.0
11581,5749,4.0
4022,5974,5.0
4022,5748,5.0
132511,4782,4.0
192320,1470,5.0
80296,5964,3.0
81359,3381,3.0
208002,6072,5.0
18111,5993,4.0
384487,4808,5.0
174125,3381,5.0
387831,3381,5.0
387988,5296,1.0
75558,5964,4.0
388519,3930,5.0
213349,4576,5.0
55578,5964,4.0
153553,3989,5.0
41483,5993,5.0
55578,3381,4.0
389822,2031,5.0
103065,5606,5.0
389822,2863,5.0
215355,3381,5.0
72947,5964,4.0
379103,438,4.0
3939,4687,3.0
171909,3817,5.0
282877,2000,5.0
391061,1124,5.0
271342,274,1.0
11581,2324,4.0
177722,5693,5.0
5687,5940,4.0
16528,5749,5.0
186569,3166,5.0
186569,5526,5.0
28,5453,3.0
392505,836,1.0
27299,4687,4.0
18193,6172,5.0
16528,4090,5.0
393523,3572,3.0
393770,3817,3.0
85958,5695,5.0
31055,5453,5.0
47987,4687,2.0
395505,1861,5.0
395519,5146,5.0
2799,5453,5.0
332264,5364,4.0
101770,5948,5.0
16202,5453,2.0
15170,4028,5.0
90174,2483,2.0
285642,2863,3.0
396964,5749,5.0
396971,2355,5.0
173241,3381,5.0
396971,1605,5.0
329537,2279,5.0
214258,2016,5.0
185730,3995,5.0
329537,3865,4.0
85709,2324,5.0
329537,1341,5.0
64640,5453,4.0
309601,5054,5.0
174951,1124,1.0
287594,356,5.0
175909,222,5.0
339897,4347,3.0
399969,4311,5.0
400052,1605,5.0
44005,468,5.0
292232,3381,4.0
399969,1407,5.0
354612,3505,5.0
123592,2466,5.0
249865,897,5.0
123592,2569,5.0
401441,511,5.0
71378,4386,5.0
342488,3699,5.0
52393,3303,3.0
233314,3401,5.0
134709,5273,5.0
403099,4687,3.0
159009,5948,2.0
165193,5041,5.0
4483,5041,4.0
32247,4028,5.0
55007,4260,5.0
49390,5453,4.0
4483,4922,2.0
404144,2486,5.0
404144,4495,2.0
71378,6113,5.0
393523,1124,2.0
393523,5364,5.0
1688,6120,5.0
54220,6120,4.0
405405,6120,4.0
27088,5453,5.0
135818,4968,5.0
1329,5267,2.0
62367,5431,5.0
208002,6172,5.0
29165,3381,4.0
249127,2486,5.0
274826,1605,5.0
309229,1755,5.0
309229,1867,5.0
309229,1605,5.0
12101,5606,5.0
393770,1124,3.0
33417,2930,4.0
31717,3336,5.0
408528,2340,5.0
126512,1166,5.0
257996,3231,5.0
137220,1258,5.0
137220,79,4.0
285391,3974,4.0
234976,2451,5.0
282877,1605,5.0
409415,2159,5.0
126512,1974,5.0
6935,6229,4.0
39772,6176,5.0
33274,6120,4.0
80476,2586,5.0
198882,6007,5.0
5696,4386,5.0
128259,4386,5.0
322308,3930,5.0
10727,6120,5.0
411362,4701,5.0
71107,6120,5.0
297256,1605,2.0
370382,5724,3.0
46305,6120,5.0
94698,3201,5.0
267514,4386,5.0
13360,5453,3.0
27216,6120,5.0
66620,4718,5.0
234976,4808,2.0
20272,3930,3.0
100642,4537,3.0
414084,3617,5.0
18702,2866,5.0
414158,3231,3.0
414158,3856,4.0
369931,1470,5.0
8547,4718,5.0
39772,4386,5.0
201059,4386,4.0
32556,5267,5.0
65827,4386,4.0
141319,3930,5.0
116839,3936,3.0
220353,2045,5.0
417150,791,5.0
87734,5993,3.0
135818,5054,3.0
417150,619,5.0
417150,4922,5.0
225012,4024,5.0
34922,3336,3.0
279509,1549,4.0
309444,468,5.0
83326,5450,5.0
156041,1715,5.0
20272,3728,4.0
419364,4181,5.0
43362,4311,5.0
18111,6172,2.0
379520,4203,5.0
1858,2031,5.0
20457,6120,5.0
393659,1437,2.0
36096,4718,5.0
420708,744,5.0
420708,740,5.0
160037,274,5.0
391061,6378,5.0
244600,4806,4.0
367842,6378,5.0
8469,3995,5.0
327931,3703,5.0
327931,4354,5.0
327931,891,5.0
37749,4386,3.0
421850,5329,3.0
422785,1470,5.0
335974,6132,5.0
150372,3989,5.0
423409,1886,1.0
139585,3092,5.0
423552,2866,5.0
139585,5526,5.0
63739,3101,4.0
292917,327,5.0
23486,5138,5.0
425000,1605,4.0
425019,2486,2.0
425194,4386,5.0
285642,1886,5.0
425299,557,5.0
335371,307,5.0
426141,4546,4.0
65744,1470,5.0
67794,5450,5.0
29826,5041,5.0
427288,4718,5.0
27914,5041,5.0
419364,1191,5.0
30661,4386,5.0
140825,1605,4.0
404144,4537,5.0
18354,6239,5.0
274488,2237,4.0
238070,1958,5.0
159046,6544,3.0
22916,6132,5.0
7217,6132,5.0
127482,4386,4.0
396964,4386,4.0
99216,6132,5.0
144803,1733,5.0
41483,4386,5.0
60193,3112,5.0
61295,1780,1.0
103065,6176,5.0
431898,4808,5.0
431908,5099,4.0
425299,479,4.0
103065,5048,5.0
133048,5138,1.0
16528,4718,5.0
123485,827,4.0
102071,4386,5.0
41222,6210,3.0
387831,4321,5.0
67848,3222,5.0
87780,836,5.0
87478,1549,5.0
335974,4386,5.0
237388,438,5.0
33093,6025,5.0
174153,6132,4.0
41483,4446,5.0
71378,6446,5.0
46305,3753,4.0
197253,2525,4.0
208002,6017,5.0
350341,5526,5.0
220353,4302,5.0
16528,6544,5.0
230650,2401,5.0
19719,3539,5.0
436738,4177,5.0
436738,3662,4.0
63547,3753,3.0
436738,3401,4.0
436738,1715,5.0
1329,3460,1.0
195805,2339,3.0
5696,6613,4.0
63806,6613,5.0
54335,6544,5.0
438379,6446,5.0
7441,1715,5.0
24045,6613,4.0
56134,3753,3.0
156041,710,3.0
201059,6132,4.0
283120,6544,4.0
352258,5526,2.0
28664,3753,4.0
439992,1496,5.0
342488,4627,5.0
36323,647,5.0
308493,4321,5.0
200282,5875,5.0
62459,1826,4.0
64724,4386,5.0
27384,4386,4.0
26106,6670,3.0
56541,6670,3.0
387988,259,2.0
142559,2340,5.0
364212,1605,5.0
182636,4181,5.0
379520,5041,5.0
444435,274,5.0
26931,6210,5.0
31659,3753,3.0
213053,6670,5.0
118074,5009,2.0
31996,4386,5.0
33451,6591,4.0
66745,6670,4.0
431898,1884,5.0
154462,6328,5.0
38379,6613,5.0
173316,2324,1.0
145094,2930,5.0
446235,6210,5.0
69669,6670,5.0
446235,5018,3.0
446570,3698,5.0
251624,1715,5.0
72921,6726,5.0
156875,5041,5.0
251624,3173,4.0
85486,6670,4.0
339115,1720,4.0
393523,5146,4.0
26052,4811,3.0
236893,5273,5.0
448602,2340,5.0
278421,17,5.0
80476,6726,5.0
14302,2024,4.0
49390,4627,5.0
449448,5099,5.0
14302,3589,3.0
27216,6613,4.0
236893,4718,5.0
414084,4718,4.0
156041,4718,5.0
6442,4718,5.0
345107,5257,5.0
132511,6652,4.0
444435,1191,4.0
4037,4718,5.0
74224,4386,4.0
31012,1605,4.0
391061,1733,1.0
183129,6591,4.0
191606,6239,4.0
451809,6624,2.0
395505,1715,5.0
295149,6624,3.0
71319,2016,5.0
256329,6070,5.0
350341,1659,5.0
140898,6210,5.0
91078,4718,5.0
63806,4718,5.0
452953,4019,2.0
65744,5329,5.0
165752,3995,5.0
268483,6624,4.0
427476,6624,4.0
387988,619,5.0
32476,5492,5.0
452953,1517,2.0
12243,6624,4.0
453691,744,5.0
123592,3712,2.0
171131,3817,5.0
34323,4718,3.0
453691,1124,4.0
453691,1715,5.0
309444,1124,5.0
452953,1242,5.0
452953,2349,3.0
454217,6689,1.0
239755,5755,1.0
247075,4090,5.0
204525,4446,4.0
59041,6744,5.0
367842,6072,5.0
37491,4495,5.0
239755,2569,2.0
239755,1884,5.0
367962,5749,1.0
313631,5940,5.0
364574,5951,4.0
80782,468,5.0
379322,2589,5.0
37749,5626,5.0
96228,2866,5.0
247075,836,5.0
384332,5749,5.0
179602,6819,5.0
179602,6726,5.0
179602,6072,5.0
33417,5523,5.0
30661,6017,3.0
395505,2016,5.0
30661,6072,3.0
294534,4897,5.0
350341,2503,5.0
370882,3575,5.0
4932,5893,5.0
459442,1165,1.0
459442,259,3.0
459708,5166,5.0
29630,5296,5.0
459442,4177,4.0
22606,6726,5.0
364574,5523,5.0
49390,6689,4.0
85709,5626,5.0
178179,6624,5.0
85709,4913,5.0
278421,619,5.0
156875,3173,5.0
239755,2415,5.0
18354,1605,5.0
48526,3753,4.0
30661,6801,3.0
277870,5523,5.0
346874,6835,5.0
8469,6835,5.0
63810,5724,2.0
69290,2,5.0
282877,5419,4.0
129743,6654,5.0
4483,3299,3.0
4934,6726,5.0
40651,2031,5.0
379322,5301,1.0
10866,1715,4.0
3939,6017,5.0
387831,6880,1.0
41483,6817,5.0
94078,6670,4.0
465254,1558,3.0
18390,6801,4.0
51336,6909,5.0
13622,2586,5.0
459708,1818,5.0
465610,2279,5.0
401441,1733,5.0
167270,2031,5.0
33099,6591,4.0
466292,6132,5.0
11517,6909,4.0
63806,6909,5.0
147629,5041,5.0
11517,6926,4.0
141319,1575,5.0
200282,4420,5.0
467542,2032,4.0
225012,4718,5.0
64973,2866,5.0
98908,6726,5.0
125637,1715,5.0
7605,6931,5.0
14548,4718,5.0
30582,5041,5.0
62950,6936,5.0
160334,6623,5.0
27384,6909,4.0
9554,5041,4.0
190977,274,5.0
346468,438,4.0
4934,6936,5.0
8469,6821,5.0
2799,6821,5.0
65959,5041,5.0
24045,1715,5.0
346468,6890,5.0
88427,6909,4.0
139750,5054,5.0
471553,438,5.0
81833,3403,5.0
270692,1882,3.0
85709,6972,5.0
33451,5041,5.0
44005,5526,2.0
473008,3728,5.0
364574,4643,5.0
473008,2339,5.0
250514,6689,4.0
62950,3575,5.0
89120,3930,5.0
15360,6598,5.0
268247,5041,5.0
474724,2935,4.0
173974,2279,5.0
43419,6909,5.0
475377,6017,5.0
80212,2031,5.0
185632,4808,5.0
41815,4718,5.0
32476,6909,3.0
18890,7022,5.0
179602,6817,5.0
91078,4009,5.0
185324,4024,4.0
192320,3995,4.0
192320,4446,5.0
13929,4537,4.0
267514,5993,5.0
59507,6972,5.0
54335,6972,5.0
27769,6726,4.0
73020,2031,5.0
90393,6926,5.0
338845,6113,5.0
6846,6880,4.0
388496,1875,1.0
282877,7056,5.0
52163,2503,5.0
283120,6613,4.0
422785,3821,5.0
52163,6707,3.0
481063,1659,5.0
125637,791,4.0
208936,5041,5.0
125637,2466,4.0
52083,6880,5.0
128259,4009,5.0
62950,5626,5.0
5354,6880,5.0
183746,4321,2.0
277870,4559,5.0
71378,7081,5.0
49588,6926,4.0
257515,3630,5.0
37749,6972,5.0
54305,6880,5.0
57807,438,3.0
425194,6972,5.0
466292,3995,5.0
31795,7105,5.0
86125,3864,5.0
44447,468,5.0
68712,7105,4.0
220337,1875,5.0
20888,6880,4.0
327931,5897,5.0
326165,5124,5.0
179602,6972,3.0
55506,2880,5.0
485717,2279,5.0
13292,3101,5.0
177722,5453,1.0
34323,7105,4.0
173974,7105,4.0
63973,4386,5.0
49588,2486,5.0
66664,3817,4.0
446570,6623,5.0
37749,4359,5.0
391061,1605,5.0
202369,5301,5.0
176731,5009,5.0
487380,2349,1.0
325318,7105,5.0
292917,1974,2.0
405405,7105,1.0
20948,5041,5.0
100723,3856,5.0
425194,7056,5.0
36209,5041,5.0
94926,6072,4.0
170649,6382,3.0
489975,3454,3.0
395519,5048,5.0
66271,7105,5.0
225765,7105,5.0
4932,5041,4.0
66354,7181,5.0
52083,307,5.0
491160,1886,5.0
175909,6931,5.0
120895,2466,5.0
250514,6979,5.0
159009,5724,5.0
20356,5041,5.0
12101,7199,5.0
132109,1659,5.0
230464,6707,5.0
493107,2935,5.0
195071,3193,5.0
32862,5057,5.0
256872,2279,5.0
493107,5301,4.0
37224,6931,5.0
72850,6926,4.0
177722,1372,5.0
8051,7047,3.0
494030,1884,5.0
198882,4485,5.0
494229,1715,5.0
10874,1715,5.0
47062,7105,4.0
8051,7181,4.0
104923,5407,5.0
239464,6972,2.0
453094,4913,4.0
491235,4910,5.0
495832,1191,5.0
495832,2398,4.0
232972,7254,5.0
194552,7256,5.0
179602,3404,5.0
32476,7213,3.0
28,7213,3.0
162900,7181,5.0
128208,7181,3.0
367962,6070,5.0
11581,7254,5.0
179602,7056,5.0
135818,5755,5.0
2620,1867,1.0
90174,6382,5.0
10727,7047,5.0
481063,6890,5.0
56366,7181,5.0
253221,1124,2.0
497916,7047,4.0
37082,7047,4.0
27386,7213,4.0
489975,1733,5.0
26712,7057,4.0
68524,4181,5.0
77198,4969,5.0
33699,7213,3.0
249127,2466,5.0
225988,2503,4.0
65959,5301,3.0
140510,1124,5.0
225988,647,4.0
500081,2000,5.0
201955,1715,5.0
27915,4969,5.0
28777,7298,5.0
23564,4969,5.0
196642,4341,2.0
425194,4969,5.0
123485,4495,5.0
2721,4834,4.0
36323,7057,3.0
58883,5419,5.0
3997,6446,5.0
327680,6437,5.0
502702,1407,5.0
22574,7047,5.0
17713,43,5.0
451809,6999,4.0
56423,7047,5.0
59507,5626,5.0
15360,4910,5.0
44114,1605,5.0
272709,5048,5.0
24350,5659,2.0
190066,7256,5.0
64268,7256,4.0
37082,7213,5.0
2620,5057,5.0
43680,4969,5.0
32971,7057,4.0
316632,6871,5.0
120127,3222,4.0
73807,7256,4.0
3997,6113,5.0
317199,468,5.0
260641,5749,4.0
30553,6999,3.0
195805,5580,5.0
505858,2355,5.0
446235,6623,3.0
162900,4386,5.0
317199,479,5.0
405405,7047,5.0
18569,7181,3.0
355985,5301,5.0
162900,7256,5.0
37224,7057,5.0
396964,6359,4.0
94270,468,4.0
71107,7213,4.0
405405,7213,4.0
58883,7254,5.0
28292,7256,5.0
87948,7256,5.0
87948,7390,5.0
178179,7390,5.0
508468,2339,4.0
508468,3821,3.0
8469,7390,5.0
396964,7390,4.0
309741,1659,5.0
179602,7356,5.0
395519,6382,5.0
2799,7256,5.0
3939,4122,4.0
178179,6359,5.0
27088,7256,4.0
367087,4181,5.0
43419,4969,5.0
189915,7390,5.0
19719,7390,4.0
3939,7413,5.0
73807,7413,4.0
76286,7105,5.0
11517,6916,5.0
41483,6801,5.0
491235,1605,4.0
162900,7137,5.0
315533,4024,5.0
425299,2228,3.0
94698,1396,4.0
183129,7137,4.0
16528,5974,5.0
47987,7137,4.0
267514,7445,5.0
71319,1348,4.0
56616,7137,4.0
6846,7057,5.0
308103,5748,5.0
497722,5993,4.0
57917,2279,5.0
308103,6466,5.0
396964,7446,5.0
475377,6979,5.0
183359,5724,2.0
98775,2466,5.0
132109,6999,4.0
513867,647,5.0
393659,6359,5.0
90315,4969,5.0
143372,5526,5.0
19719,7413,4.0
6874,7256,4.0
292232,7137,5.0
109152,4969,5.0
11517,7390,5.0
454217,5724,4.0
267514,6999,5.0
72167,6359,4.0
309741,7413,4.0
30661,7413,4.0
175909,7298,5.0
515901,6210,5.0
292917,43,2.0
128259,5626,5.0
497916,7496,5.0
295149,7390,3.0
67767,7137,4.0
515901,4643,5.0
267514,6916,4.0
37491,6931,5.0
211150,6801,3.0
225765,7511,5.0
77038,7511,4.0
162900,7413,5.0
51336,7137,4.0
120127,1882,5.0
425299,2930,5.0
425000,1603,5.0
30661,7256,3.0
72022,4969,3.0
48622,468,5.0
1858,7511,5.0
307995,7528,5.0
497916,7526,5.0
519841,4643,4.0
519841,6890,4.0
249127,6801,2.0
37749,7445,4.0
64724,7496,5.0
3939,5974,5.0
37749,7298,5.0
174153,7057,5.0
128259,2288,5.0
152916,3047,1.0
446235,6871,1.0
11517,7137,4.0
12932,4264,5.0
521147,6020,5.0
396964,7413,5.0
173316,6210,5.0
44111,4969,5.0
19539,468,4.0
129743,5054,5.0
152331,2930,5.0
282877,7390,4.0
44447,7526,4.0
201059,2288,2.0
20948,4969,5.0
286266,5795,2.0
451809,6132,4.0
190066,7413,5.0
56616,7511,1.0
523721,5009,4.0
524029,2569,2.0
524029,4808,3.0
524277,5057,5.0
67794,4009,4.0
524029,3166,3.0
453094,3692,4.0
465610,5301,5.0
130769,6916,4.0
286266,5146,5.0
33417,6817,5.0
50315,6328,5.0
282877,7542,3.0
178179,7542,5.0
220648,2935,5.0
50315,2279,1.0
50315,1659,5.0
14469,5748,5.0
256329,6020,5.0
58476,222,1.0
233314,2031,5.0
130792,4680,5.0
213134,43,5.0
117299,7528,4.0
31574,7528,3.0
527505,2355,3.0
527542,3930,5.0
143372,3930,5.0
213906,111,5.0
2669,2188,5.0
419364,5138,4.0
30677,7199,5.0
38115,7528,5.0
4378,7526,3.0
502702,43,5.0
25859,6466,4.0
24350,5054,5.0
211150,7175,4.0
44114,6707,5.0
54335,7390,4.0
30661,7541,5.0
91078,5693,5.0
91078,5695,5.0
159291,2279,5.0
30677,2279,5.0
37082,7434,5.0
6060,2902,2.0
24045,1740,5.0
220337,3292,5.0
20693,7434,5.0
454217,6979,5.0
300409,5301,5.0
292232,7526,5.0
204598,6070,5.0
532922,4252,5.0
28777,5695,4.0
67794,6821,5.0
229028,7413,4.0
315533,3381,5.0
179602,7605,5.0
396964,7542,5.0
91643,3930,5.0
303178,5897,5.0
178179,7446,3.0
421850,6446,1.0
307057,5054,4.0
102791,4252,3.0
28664,7434,5.0
162900,6132,4.0
346874,7743,5.0
6919,2031,5.0
72921,1720,5.0
26931,5130,2.0
431898,121,5.0
37082,111,3.0
30661,7542,5.0
301460,3101,2.0
364574,6890,5.0
493107,4203,5.0
453094,6726,5.0
537815,1728,1.0
369931,17,5.0
537815,3222,1.0
22685,3995,5.0
205895,2930,5.0
72921,7772,4.0
2669,5492,5.0
427476,2288,5.0
9207,7434,4.0
14469,5361,1.0
16528,7496,5.0
153553,2032,5.0
93720,7526,5.0
69290,7434,3.0
92183,7253,5.0
11581,7056,5.0
244417,1575,5.0
513867,3936,5.0
10727,5361,4.0
179602,7298,4.0
71107,5361,3.0
130792,6916,5.0
376331,6759,4.0
79157,1124,5.0
235432,5948,4.0
132109,4495,5.0
542278,4808,2.0
85343,3454,3.0
55840,7528,4.0
85343,1549,5.0
538140,6017,3.0
7441,7413,3.0
29637,7253,4.0
41208,7828,4.0
101360,2697,4.0
544034,4782,5.0
544126,222,5.0
6874,7743,5.0
65959,7253,5.0
544547,7253,4.0
544623,7827,4.0
544126,1462,5.0
427288,5361,3.0
14469,7256,4.0
48281,5693,4.0
338845,6446,5.0
290316,1780,5.0
309444,274,5.0
1156,7253,5.0
309741,7794,3.0
194552,7772,4.0
7605,7772,5.0
395519,7199,5.0
85285,4718,5.0
32476,5361,3.0
54335,7828,5.0
167270,468,5.0
515901,7772,5.0
183359,647,4.0
139891,1670,5.0
145094,7772,5.0
427476,7904,5.0
178179,7794,5.0
414158,6965,2.0
491160,5178,5.0
1443,7434,1.0
362601,3403,1.0
362601,1720,1.0
333504,6726,4.0
283120,7743,4.0
37749,2288,2.0
521147,6229,3.0
387831,4627,5.0
43855,7526,4.0
20700,7828,4.0
521147,5897,5.0
76395,7834,5.0
549565,79,5.0
34584,7526,5.0
346874,6328,5.0
122382,1496,3.0
256329,7869,5.0
94926,7385,5.0
28664,7834,5.0
221601,7213,4.0
519841,7794,4.0
307995,5361,2.0
140898,7772,5.0
39752,6210,4.0
191518,6070,5.0
370882,3698,5.0
189915,7834,5.0
11581,7253,4.0
491235,7966,5.0
352258,5940,2.0
29630,6707,5.0
301460,619,5.0
495832,3589,4.0
99144,6689,4.0
109492,3704,5.0
102071,7199,5.0
85486,7834,5.0
80212,6819,4.0
553813,4260,5.0
46271,7828,4.0
31795,7482,2.0
50755,7482,3.0
109152,7482,2.0
31574,7869,4.0
85709,7256,5.0
76945,7434,3.0
208002,6624,4.0
162900,7966,5.0
431898,142,5.0
34749,7482,5.0
544547,7834,4.0
159493,7869,5.0
25032,6654,4.0
48165,7482,4.0
93807,4718,5.0
24045,1169,5.0
527542,4782,5.0
239464,5371,3.0
30918,5364,4.0
62459,4969,4.0
557749,557,5.0
208002,6132,5.0
295656,3204,5.0
557749,468,5.0
27384,7834,5.0
213349,6689,3.0
519841,6401,5.0
95316,2031,5.0
39772,5695,4.0
208957,1555,5.0
7605,7482,3.0
177722,6871,5.0
268483,8084,5.0
560132,5054,5.0
400052,897,5.0
560846,1659,2.0
19539,4969,4.0
466292,7081,3.0
11581,7203,4.0
450940,6113,5.0
438379,1169,5.0
208936,7869,5.0
160334,7482,3.0
561872,4354,1.0
3939,8110,5.0
34524,4730,5.0
563224,5884,5.0
7217,5951,1.0
563683,1603,5.0
244189,7175,5.0
287826,5940,4.0
173316,2837,4.0
20779,1759,3.0
389822,1605,5.0
129532,3938,2.0
143372,3288,4.0
84825,7869,3.0
417150,6890,5.0
129532,3101,5.0
129532,468,5.0
129532,2902,5.0
27216,7460,5.0
256287,1861,4.0
42373,5940,5.0
364574,3403,5.0
376331,647,4.0
81833,8162,5.0
27915,541,5.0
33093,7356,5.0
26712,7253,5.0
77038,7460,5.0
300632,3101,5.0
27983,7511,3.0
538140,5099,5.0
465610,6020,5.0
245038,7356,4.0
4378,7869,3.0
77198,8177,5.0
494229,6936,5.0
245038,5054,5.0
227932,468,5.0
43102,8084,4.0
72022,7828,4.0
93904,7081,5.0
227932,1659,5.0
367842,7460,5.0
321419,5407,4.0
335974,8110,5.0
403099,4203,5.0
66629,7402,5.0
451809,7460,5.0
59507,6949,5.0
189915,6949,5.0
553813,4910,5.0
38380,7834,5.0
553813,4495,5.0
49390,7137,4.0
179602,6949,4.0
81833,6949,5.0
370403,6871,4.0
370403,3728,4.0
162900,7460,5.0
140510,6210,5.0
226271,4181,4.0
475377,2837,5.0
396964,6949,5.0
20275,6949,5.0
76395,7253,4.0
561872,5511,4.0
215355,7402,5.0
46284,7253,4.0
31760,7402,4.0
48165,7402,5.0
312919,5419,5.0
94926,6949,5.0
41222,438,4.0
240078,1715,4.0
332264,6132,3.0
85709,7203,5.0
33444,43,5.0
495832,7719,5.0
249127,7605,4.0
519841,8167,5.0
42005,3288,3.0
55726,7834,5.0
268778,6113,5.0
230035,6871,5.0
391061,827,3.0
156875,2031,5.0
214787,3222,2.0
481063,7780,2.0
322308,2863,5.0
30677,6949,4.0
214787,8167,2.0
563683,1169,5.0
563683,4528,5.0
65827,8280,5.0
409415,3989,5.0
580007,4539,1.0
580007,3930,5.0
20275,8280,5.0
449448,3403,4.0
449448,5018,5.0
400052,6890,5.0
256329,7460,5.0
179602,7460,5.0
29630,7542,4.0
268247,8177,5.0
256329,5893,4.0
19719,8280,4.0
233365,4528,5.0
354612,5054,4.0
2989,1124,3.0
584340,6210,5.0
513867,7605,3.0
584340,1470,5.0
12844,7402,5.0
396964,8280,4.0
41222,4969,2.0
502702,307,5.0
13300,8084,5.0
585584,5301,5.0
585846,7842,2.0
86870,6005,3.0
560846,2279,3.0
32433,7402,4.0
560846,5054,4.0
585584,5054,5.0
240729,4897,5.0
72996,7402,4.0
236893,7482,3.0
179602,7256,5.0
87734,7175,5.0
300632,1886,5.0
2620,6965,5.0
2620,6707,4.0
588518,7721,5.0
296088,1715,5.0
181973,7256,5.0
9224,2673,5.0
80420,4302,5.0
71378,7794,5.0
316632,3401,4.0
7217,8442,4.0
544034,4201,5.0
495832,5166,4.0
309601,7828,5.0
300632,5748,5.0
594215,6020,4.0
594215,6401,5.0
594215,6890,5.0
37749,8167,4.0
495832,2880,3.0
74224,7922,4.0
198376,7922,5.0
11517,8367,5.0
386169,5178,4.0
11517,8280,5.0
489975,8466,5.0
18908,7402,5.0
427476,8471,5.0
595890,1670,4.0
595890,274,5.0
595890,3575,4.0
139750,7256,4.0
595890,4743,5.0
68524,2279,5.0
595890,1715,5.0
145277,7922,4.0
132511,4181,5.0
203414,6890,5.0
40187,8084,3.0
346874,8367,5.0
346874,8496,5.0
491235,8466,5.0
346874,8471,5.0
598437,3575,3.0
598437,1258,5.0
598437,2019,5.0
33451,8496,4.0
598437,2129,5.0
125637,5124,2.0
598437,4485,5.0
348222,7786,5.0
87174,3728,4.0
176731,4090,5.0
68112,6740,5.0
27386,7922,5.0
453094,8280,5.0
11517,7446,5.0
393523,7496,5.0
93807,2673,5.0
450940,8367,5.0
450940,8496,5.0
159046,2586,5.0
100977,7922,5.0
450940,8471,5.0
414084,1715,4.0
585846,1715,5.0
56273,2,5.0
601294,2299,5.0
98785,8442,4.0
4932,7298,5.0
179602,8280,4.0
201059,8367,4.0
201059,8496,5.0
37491,7402,5.0
205330,111,5.0
201059,8471,5.0
419364,7786,5.0
155822,4167,3.0
125637,4730,5.0
150372,4730,5.0
426141,3303,4.0
422785,3403,5.0
225988,6689,1.0
603454,2031,5.0
340173,1404,2.0
352327,3539,5.0
340173,43,4.0
604198,5054,5.0
485717,647,5.0
204159,274,4.0
485717,2466,5.0
485717,222,5.0
604700,2253,5.0
604700,4627,5.0
15988,3989,5.0
427288,5884,4.0
99144,7780,3.0
272709,6176,3.0
601294,1428,5.0
182636,7780,1.0
55166,8283,5.0
174769,2228,4.0
608384,1575,3.0
608384,7780,4.0
608552,7780,5.0
515901,8549,5.0
174769,5795,2.0
174769,5146,4.0
174769,4359,5.0
91643,6726,4.0
72921,8549,5.0
53252,8442,4.0
59036,6689,4.0
339115,1884,2.0
205895,3505,5.0
66557,8283,4.0
204525,7107,5.0
542278,4539,5.0
393659,4537,2.0
33451,6210,5.0
102791,3401,4.0
145094,5256,2.0
267514,8466,5.0
29165,5256,3.0
190943,8549,5.0
465254,2279,3.0
268483,8466,5.0
185632,7203,2.0
612783,7780,5.0
393659,4301,5.0
213053,111,4.0
33845,1605,1.0
481063,4627,1.0
117227,7402,5.0
99216,8466,5.0
426141,2731,3.0
497916,8195,3.0
257996,8032,5.0
225765,8195,5.0
214787,5948,3.0
75558,8549,4.0
174769,111,5.0
615915,1780,3.0
22835,8195,5.0
277870,7460,5.0
94698,4730,5.0
617418,1156,5.0
41222,3589,5.0
395642,2902,3.0
617568,8549,5.0
91078,8283,5.0
12326,8195,3.0
608384,4730,5.0
232207,4730,5.0
232207,6744,5.0
162900,2586,5.0
30661,8466,4.0
50855,7884,1.0
66212,8549,4.0
48480,6210,5.0
608552,6437,5.0
66271,8466,4.0
620359,1470,4.0
544126,744,5.0
620359,2655,4.0
620359,5755,4.0
544126,740,5.0
621275,3442,5.0
621275,3575,5.0
213349,8442,5.0
621275,2279,5.0
621275,2673,5.0
439992,8227,5.0
439992,5371,1.0
621831,4339,5.0
439992,7780,4.0
621831,7780,5.0
622383,7884,4.0
524277,2340,5.0
8051,8466,5.0
192320,2031,4.0
47429,8195,5.0
3789,7496,5.0
312919,8549,3.0
116042,1396,5.0
93720,3938,5.0
333504,6689,4.0
333504,3865,5.0
22835,8442,5.0
128208,8442,4.0
72167,1715,5.0
30661,6726,5.0
186810,7356,5.0
73807,8466,4.0
22606,8442,5.0
59507,1034,4.0
81359,111,5.0
301460,6726,3.0
384487,5273,5.0
55506,2586,4.0
627521,3938,5.0
453094,3403,5.0
448602,5301,5.0
131849,2,5.0
414084,8442,4.0
339115,468,4.0
103683,8283,3.0
194552,7730,5.0
256886,8032,3.0
5182,1433,4.0
20515,7542,3.0
322308,6113,5.0
76945,6210,5.0
55339,4539,1.0
182636,3930,5.0
315225,4311,4.0
112312,2279,4.0
13098,6759,5.0
446570,4181,5.0
339897,5940,3.0
19539,5526,4.0
513867,3699,4.0
622383,5875,5.0
633340,7356,5.0
633340,4808,5.0
59036,4730,1.0
370382,4420,5.0
633340,6005,5.0
230650,5178,1.0
293724,5099,5.0
293724,7794,5.0
2381,6654,4.0
195071,1124,4.0
636094,6437,3.0
3997,8283,2.0
65827,1720,2.0
404144,6707,5.0
276382,5755,1.0
637063,2205,5.0
547550,2673,2.0
198376,5267,5.0
633340,1130,5.0
37749,6740,3.0
637063,2421,5.0
495832,2205,4.0
495832,1165,3.0
120895,4546,4.0
495832,274,4.0
13929,3222,3.0
85285,1191,5.0
604700,2031,5.0
638894,3930,5.0
69220,1258,5.0
638894,6759,4.0
50755,3204,5.0
638894,7175,5.0
638894,6070,4.0
24350,7203,2.0
16202,7780,4.0
4778,5018,4.0
175734,6598,5.0
549565,2279,5.0
315079,2903,5.0
171131,1034,3.0
642532,5795,4.0
390443,4252,5.0
86125,1462,1.0
14469,5256,4.0
627521,5659,5.0
132413,111,4.0
13098,7780,5.0
335974,6210,5.0
100723,7827,5.0
384332,7780,5.0
28103,1124,3.0
13746,5511,4.0
513867,5054,4.0
12326,5273,5.0
194552,6382,5.0
290807,3106,5.0
290807,5301,3.0
648865,3442,5.0
284403,1875,1.0
204598,1124,5.0
617418,1169,4.0
284403,1605,5.0
52163,1733,1.0
6313,3699,3.0
648865,2188,3.0
63810,3865,2.0
352327,5523,4.0
2721,7203,2.0
414158,8283,4.0
14302,2000,5.0
14302,3195,5.0
651669,4913,5.0
651669,3222,5.0
7429,5256,4.0
651669,1124,5.0
544623,4339,4.0
585584,3728,5.0
647458,7719,4.0
627521,6890,5.0
30723,6689,2.0
54794,5795,5.0
27216,6726,5.0
245841,719,4.0
654585,4371,5.0
233365,4299,5.0
367087,3401,5.0
287826,6113,4.0
27216,2586,5.0
171131,2466,5.0
277870,7199,5.0
340173,1169,4.0
12101,4032,5.0
42026,4203,4.0
7429,8549,5.0
73090,1605,4.0
230650,7772,5.0
49588,6979,4.0
60746,2177,5.0
538140,8162,5.0
68712,6759,5.0
494030,3150,2.0
6935,8032,2.0
200282,7780,5.0
154462,5054,5.0
524277,6466,5.0
53608,6437,5.0
171131,4090,5.0
201775,222,5.0
308103,6328,4.0
648865,1034,5.0
494229,43,5.0
494229,646,1.0
198882,7384,5.0
8051,8162,5.0
330205,5492,5.0
423409,259,4.0
425299,8835,5.0
423409,1575,4.0
233365,4726,4.0
612783,3106,5.0
99216,8162,5.0
66129,6210,5.0
532922,4446,5.0
396971,5431,5.0
201775,5054,3.0
312919,5301,5.0
487380,6401,5.0
60193,4090,5.0
637063,7922,5.0
494030,5580,2.0
489975,3112,5.0
677166,2525,5.0
8051,8110,3.0
52163,2000,2.0
502702,2203,5.0
502702,897,5.0
147629,4207,5.0
244189,7827,5.0
542278,4913,4.0
93807,1404,5.0
134977,4371,5.0
244600,1826,5.0
5696,7922,5.0
284708,7780,5.0
185324,2237,5.0
48480,8549,5.0
28777,3575,4.0
681980,2203,4.0
268778,7496,5.0
221209,5724,5.0
221209,5002,5.0
221209,6623,5.0
124714,2031,5.0
588518,43,5.0
18111,2586,5.0
28292,7798,4.0
135400,4339,1.0
238070,2525,5.0
588518,1169,5.0
310823,3442,4.0
8547,7798,3.0
196929,4730,5.0
459708,1124,5.0
233314,468,5.0
37749,3404,4.0
261850,1780,5.0
537815,3337,1.0
527542,1715,5.0
527542,7780,5.0
515901,7798,4.0
438379,3106,5.0
339115,3173,5.0
387988,5178,1.0
438379,2237,5.0
179602,2586,5.0
18390,8162,4.0
648865,2866,5.0
14548,5301,5.0
691039,5301,1.0
62988,5808,5.0
409415,6113,5.0
409415,4718,4.0
34524,5808,5.0
277870,5755,2.0
450940,3404,4.0
22560,356,1.0
132511,5659,5.0
487380,7828,4.0
71378,8227,4.0
615915,17,5.0
451809,7256,4.0
124381,5808,5.0
19719,7199,4.0
69290,5420,5.0
146382,5543,2.0
691039,4687,1.0
354612,3442,3.0
251624,3195,5.0
251624,3442,1.0
561872,7385,3.0
697680,6005,4.0
697680,3201,4.0
401441,5128,3.0
22757,5808,5.0
41815,3572,2.0
697680,2031,5.0
697680,7922,4.0
697680,4371,4.0
603454,6328,2.0
603454,5659,5.0
615915,4730,4.0
523721,1294,5.0
238070,111,5.0
561872,4897,1.0
31055,6210,5.0
66557,3375,5.0
101894,4910,3.0
253221,1605,2.0
13098,7743,4.0
521147,468,5.0
286266,4371,5.0
58601,7827,4.0
28708,3733,5.0
617568,6591,5.0
1156,6591,5.0
403099,7966,5.0
133048,6239,2.0
622383,8162,4.0
145806,6591,5.0
421850,1861,2.0
421850,8195,2.0
494030,3222,5.0
83326,8162,5.0
637063,1558,3.0
65744,1294,3.0
328189,3539,5.0
328189,8162,2.0
41222,647,5.0
34524,3856,5.0
116042,7780,5.0
580007,5940,5.0
25854,6017,5.0
691039,6359,5.0
390443,3930,4.0
10866,8835,5.0
544623,4730,3.0
63652,5808,5.0
465254,5146,5.0
19855,5124,5.0
544623,6744,5.0
285391,6239,2.0
401441,827,5.0
137220,4969,5.0
538140,5875,5.0
714483,5048,3.0
714483,1242,5.0
580007,5130,1.0
580007,7966,1.0
140898,7798,5.0
60746,2237,5.0
34922,3173,1.0
31055,6598,5.0
213906,2031,1.0
309444,557,5.0
87948,8162,4.0
339897,2466,1.0
67491,557,3.0
604700,6466,5.0
287594,5511,1.0
115960,6591,5.0
257297,4806,5.0
257297,3995,4.0
257297,4968,5.0
214258,6744,5.0
139750,5543,5.0
214258,5057,1.0
8547,6818,5.0
186810,7721,4.0
118074,7884,4.0
532922,3728,5.0
220648,3375,5.0
380400,6466,5.0
608384,5897,5.0
105860,7827,5.0
154838,4718,5.0
691039,6466,5.0
405405,3193,5.0
379322,836,5.0
121863,1124,5.0
121863,6229,4.0
474724,5273,5.0
195805,5795,5.0
727097,6239,2.0
727097,7780,5.0
538140,2,5.0
296088,7384,5.0
22501,619,4.0
208002,8227,4.0
423409,5146,4.0
444435,3930,5.0
185632,3442,5.0
731648,2148,4.0
731648,2957,5.0
431908,3106,5.0
77607,2279,5.0
330205,554,4.0
396971,2486,2.0
284708,7721,5.0
39508,5178,3.0
178908,5795,4.0
392505,1875,5.0
603454,2540,5.0
30553,8835,5.0
315225,7089,3.0
3511,6591,3.0
2669,8466,5.0
508468,4485,5.0
411362,2188,5.0
508468,3575,5.0
338845,3189,3.0
211150,4260,5.0
431908,1372,5.0
41941,5041,5.0
83326,6689,5.0
116042,8802,4.0
59951,7827,5.0
34584,7827,4.0
196642,7884,4.0
34584,5280,4.0
34524,6358,4.0
25854,3692,5.0
741127,8167,4.0
403099,6401,2.0
741127,3630,5.0
13501,7719,5.0
360900,7780,5.0
256287,6239,4.0
66129,6358,5.0
401441,43,5.0
493107,7828,5.0
110632,3150,4.0
177845,2031,2.0
124896,6446,5.0
177845,3630,4.0
124896,6007,5.0
392505,5884,5.0
177845,8283,2.0
527505,5257,4.0
651669,5054,5.0
17742,6358,5.0
164643,8802,3.0
620359,7385,4.0
604198,5951,5.0
439992,6926,4.0
354612,3572,2.0
425000,4299,5.0
427288,6358,5.0
132413,6358,4.0
156491,1875,4.0
156491,2031,4.0
156491,6707,4.0
156491,2203,4.0
185814,2228,5.0
588518,4718,5.0
223663,43,4.0
727097,5580,1.0
127845,2398,5.0
328188,3527,5.0
116839,4627,5.0
240078,6328,5.0
352921,7780,3.0
204598,7107,5.0
612783,7256,5.0
18123,2031,5.0
68680,5041,4.0
617418,6446,5.0
13534,6358,4.0
395642,3196,5.0
296088,5124,5.0
114570,6358,4.0
205895,4910,5.0
27983,7884,2.0
227932,274,5.0
392505,1733,5.0
69220,4808,5.0
239216,4528,5.0
227932,2279,5.0
422785,6113,5.0
27983,8283,4.0
16528,8755,3.0
580007,6172,4.0
152916,2957,5.0
13622,8755,3.0
408528,4539,4.0
408528,5146,4.0
91078,8755,2.0
27769,8755,3.0
62988,8755,5.0
315079,4311,5.0
34749,6358,5.0
761228,2299,4.0
87780,5724,5.0
140142,310,5.0
642532,3442,5.0
325318,7770,5.0
642532,259,5.0
741127,2031,5.0
39508,1751,5.0
39508,3864,5.0
13501,8755,5.0
322338,7770,5.0
178908,274,5.0
178908,6818,5.0
27914,3299,1.0
27920,4528,4.0
33845,1169,3.0
183746,5301,5.0
205330,8755,5.0
31996,8755,4.0
44447,8755,4.0
145806,7770,4.0
305949,5078,5.0
594215,5523,4.0
594215,4730,5.0
594215,1294,5.0
594215,8162,3.0
305949,5292,5.0
594215,6871,5.0
594215,2355,5.0
328188,2045,5.0
86125,2483,5.0
474510,7541,5.0
117299,6358,4.0
767806,1780,5.0
30755,8755,3.0
767806,2466,5.0
65959,7770,5.0
4934,5041,5.0
76395,4419,4.0
767806,111,5.0
27920,8851,5.0
139891,8755,5.0
66557,8755,4.0
538140,3204,5.0
384332,7089,5.0
72215,7175,5.0
98785,4419,5.0
28777,5431,5.0
118074,5940,1.0
124381,7770,2.0
195071,8283,4.0
28777,5041,4.0
527505,5431,4.0
101360,5431,5.0
532922,8835,5.0
55339,1659,3.0
98053,7385,5.0
67491,5808,1.0
308493,7256,1.0
74224,4419,5.0
773500,6328,4.0
124714,7385,5.0
563683,222,4.0
474510,6740,4.0
290316,2466,5.0
390443,6229,3.0
654585,5178,2.0
544126,3106,5.0
47429,8755,5.0
622383,8283,5.0
761228,6358,4.0
580007,8195,1.0
130582,7780,4.0
130582,7904,4.0
411362,1128,2.0
444435,5897,5.0
56423,4419,5.0
36106,8755,2.0
780416,7256,4.0
67848,2031,5.0
481063,7541,3.0
481063,8755,5.0
781825,7605,3.0
393659,3193,4.0
781825,2188,5.0
221601,7770,5.0
102791,7022,2.0
781825,7780,3.0
781825,7081,5.0
321419,8835,5.0
340173,3302,5.0
18390,7770,4.0
393770,7966,4.0
393770,6936,4.0
390443,77,4.0
185814,2032,4.0
185814,2451,4.0
372035,5795,1.0
557749,1348,5.0
52292,5795,2.0
372035,162,4.0
91643,7904,5.0
248538,7719,1.0
697680,7780,5.0
164643,7904,5.0
389822,7256,5.0
620359,1605,5.0
22757,541,5.0
395642,3728,4.0
71378,7730,5.0
627521,5951,5.0
315079,6007,5.0
167270,1448,5.0
269,4419,5.0
420708,7780,5.0
563224,7730,1.0
425000,6210,4.0
793062,468,5.0
681980,1448,4.0
208936,6188,5.0
317199,647,2.0
275590,4785,5.0
17373,9315,5.0
426141,1867,5.0
617568,7453,5.0
793062,7256,4.0
11365,4446,3.0
642532,1034,5.0
31646,6188,5.0
601294,1867,5.0
146382,7022,5.0
292917,2095,2.0
41963,7453,4.0
285391,5124,5.0
497916,7453,2.0
17373,7730,4.0
18427,7786,4.0
8051,9315,5.0
68990,6188,4.0
364212,7922,3.0
86113,6188,5.0
802870,5364,5.0
30661,9315,5.0
72996,6188,4.0
612783,9315,5.0
16528,7453,3.0
159493,6188,3.0
68680,5808,5.0
387988,511,5.0
183359,8162,4.0
129743,7770,3.0
37749,7770,1.0
557749,1603,3.0
153553,7089,5.0
67848,7780,3.0
527505,3201,5.0
13098,8162,3.0
146382,5041,5.0
615915,7869,1.0
627521,6726,5.0
165752,3597,5.0
102376,836,5.0
85343,7542,1.0
627521,2586,5.0
348222,5543,2.0
68680,1875,5.0
202369,4643,5.0
202369,1034,5.0
202369,2031,5.0
297256,6466,5.0
101894,3112,5.0
542278,1780,4.0
63739,9315,5.0
25736,7453,4.0
812506,327,5.0
812506,3337,3.0
731648,43,5.0
601294,5301,5.0
239216,836,5.0
523721,2466,5.0
793062,5280,4.0
133048,3054,1.0
29826,3597,5.0
191518,7730,5.0
12243,6188,4.0
425194,7730,5.0
302153,5054,5.0
98775,1034,5.0
98712,3101,4.0
253904,7842,4.0
22685,7780,5.0
32433,6188,4.0
471553,3193,5.0
333504,2586,3.0
497722,5054,4.0
20693,4643,5.0
818451,81,5.0
599241,7770,5.0
599241,4354,4.0
165752,827,4.0
599241,2237,5.0
275590,4782,4.0
451809,9315,4.0
466292,9315,4.0
773500,7780,5.0
54220,274,5.0
681980,3575,4.0
773500,2237,3.0
714483,6979,5.0
360900,6176,5.0
83956,8851,3.0
50399,2159,5.0
465610,5940,5.0
563224,6466,2.0
152331,4730,4.0
30661,7730,5.0
210792,5951,4.0
93936,2016,5.0
248538,1294,1.0
537815,3575,5.0
481063,3728,5.0
6919,5884,5.0
553813,7780,5.0
23257,6210,5.0
48259,1605,3.0
13929,2571,4.0
13300,8227,5.0
349647,350,5.0
105276,7496,4.0
773500,3995,4.0
223663,468,5.0
473008,1130,5.0
58883,6740,5.0
196929,9315,1.0
154462,7254,5.0
636094,7384,5.0
636094,8162,5.0
636094,7542,4.0
2293,6120,5.0
773500,3505,4.0
71021,162,5.0
2799,7254,5.0
812506,2415,3.0
812506,43,4.0
599241,8462,5.0
18202,8110,4.0
372035,4090,5.0
43170,2083,5.0
378854,647,5.0
132109,7730,4.0
378854,6239,4.0
121450,1659,4.0
497722,4701,5.0
524029,5964,4.0
290227,6652,1.0
28103,2031,5.0
244189,6007,5.0
18427,1842,5.0
190943,4359,5.0
487380,1886,1.0
37491,4359,5.0
71365,4359,3.0
204159,5808,1.0
48259,3597,3.0
423552,5063,2.0
196929,327,5.0
761228,43,5.0
19640,4359,4.0
18702,2,2.0
20275,4359,4.0
55726,4359,5.0
65959,4359,4.0
849928,6210,4.0
849928,1715,4.0
849928,468,4.0
22501,4419,2.0
849928,557,4.0
849928,5054,4.0
90964,5041,5.0
20515,6818,5.0
210921,7780,4.0
304575,4201,5.0
20515,6821,5.0
32433,4359,5.0
729269,1034,5.0
852395,6979,5.0
729269,7780,4.0
617568,4207,4.0
852395,5897,5.0
852395,6328,5.0
852395,5884,5.0
193020,6965,5.0
193020,8835,5.0
30808,7496,4.0
131849,2031,5.0
131849,6070,5.0
467542,7089,5.0
802870,6818,5.0
125959,4207,5.0
419364,7770,1.0
438379,7828,1.0
350961,5124,5.0
731648,5795,3.0
65744,1780,5.0
500081,6229,4.0
500081,8851,4.0
257515,2031,4.0
860240,5884,5.0
352258,5795,4.0
230464,4207,5.0
190943,4207,4.0
51167,6210,4.0
152916,7089,5.0
459708,7922,5.0
604198,6598,5.0
214441,3381,5.0
214441,6437,5.0
34768,7496,5.0
425019,7780,5.0
9207,7089,2.0
268778,2031,4.0
72947,4207,5.0
220353,6210,5.0
863704,6890,5.0
863704,1396,3.0
863704,927,3.0
863704,4339,5.0
863704,468,5.0
863704,7922,5.0
864342,2177,3.0
338845,7770,5.0
4663,3856,5.0
244600,6229,5.0
46271,647,4.0
253221,1875,5.0
860240,2279,5.0
172785,5124,5.0
18123,7107,3.0
357010,7780,5.0
357010,2957,5.0
41222,5041,2.0
167529,310,5.0
87174,3112,4.0
357010,6689,5.0
290410,6654,3.0
134815,6835,5.0
384487,3728,5.0
198176,6652,5.0
727097,7256,4.0
172785,1605,5.0
474510,5795,5.0
290807,5178,5.0
223663,5054,3.0
870570,8851,5.0
870570,5884,5.0
870570,1575,5.0
370882,7780,5.0
677166,6466,5.0
249865,7786,5.0
873703,5431,4.0
873703,6707,3.0
870570,1470,5.0
491160,6740,5.0
64268,836,3.0
101894,2902,2.0
41941,5884,5.0
194552,3303,5.0
46305,4207,5.0
677166,3597,5.0
354612,7780,2.0
860240,6113,5.0
303090,7770,5.0
303090,3454,5.0
549565,7780,5.0
220337,7256,5.0
880817,1605,4.0
97418,7175,3.0
475377,3597,2.0
171131,7445,3.0
420708,5795,5.0
155822,7770,2.0
61295,897,5.0
121863,2031,5.0
121863,7022,5.0
290316,4743,5.0
146382,2957,2.0
11365,4718,5.0
11365,43,4.0
354993,7780,5.0
129743,3299,1.0
297256,4808,4.0
471553,511,5.0
26624,4808,4.0
584340,1575,5.0
880817,1867,4.0
90174,5940,4.0
621831,4743,5.0
621831,3299,5.0
34524,4808,5.0
31795,9406,4.0
495832,4718,4.0
72215,7730,3.0
13292,5795,4.0
4483,2031,5.0
594215,7780,5.0
16528,4808,5.0
603454,6591,5.0
203414,7780,5.0
203414,2466,5.0
335371,897,5.0
190943,2031,4.0
294247,4969,5.0
230464,4808,5.0
120895,1659,5.0
414084,5128,4.0
364212,3864,4.0
894644,7719,5.0
894644,4743,5.0
256886,5301,3.0
10874,4969,5.0
109492,7842,5.0
449448,6328,4.0
449448,274,5.0
18427,7022,5.0
880817,1575,3.0
165732,468,5.0
64374,5128,4.0
235432,7770,4.0
232207,6965,5.0
8547,5128,5.0
256872,5063,5.0
35595,646,5.0
307457,4730,5.0
899072,274,5.0
899072,6689,5.0
899072,1191,5.0
860240,4539,5.0
899072,468,5.0
899072,3173,5.0
32247,7780,5.0
901376,7780,3.0
448602,5063,5.0
31646,2031,5.0
729269,2031,5.0
188312,6707,4.0
351732,4730,5.0
388519,7137,5.0
132109,4808,4.0
351732,2514,5.0
270692,7022,3.0
33699,2031,5.0
138009,4311,5.0
220648,7786,5.0
37749,891,5.0
901376,5795,1.0
20787,274,5.0
729269,7842,4.0
907563,7827,5.0
907563,3442,5.0
423552,162,4.0
617418,8375,5.0
818451,2031,4.0
818451,5897,4.0
727097,8162,1.0
367087,3106,4.0
340173,2466,5.0
56340,7780,5.0
608552,5124,5.0
608552,6466,5.0
864342,1720,5.0
864342,619,5.0
864342,3101,5.0
43213,5364,4.0
101770,2571,5.0
173241,5128,4.0
201775,162,5.0
290227,5884,1.0
894644,7828,5.0
210792,6936,4.0
260641,8462,5.0
919192,1826,5.0
919192,43,5.0
260641,4718,5.0
901376,1034,2.0
921023,5659,4.0
604198,6890,5.0
307057,5543,5.0
327680,5795,5.0
240144,111,4.0
99144,2031,1.0
99144,7721,5.0
523721,7445,5.0
926621,5301,4.0
148574,3106,5.0
390443,4785,4.0
90964,1755,4.0
380400,7780,5.0
380400,4258,5.0
26931,2401,4.0
563683,6382,4.0
58891,6707,5.0
97418,3865,2.0
425019,5054,5.0
201955,111,5.0
284708,8375,1.0
818451,6598,4.0
159580,5280,2.0
31717,5526,5.0
741127,1780,5.0
932507,5267,1.0
471553,7780,5.0
93904,468,5.0
919192,1605,5.0
6225,259,3.0
122382,7770,5.0
328188,5492,5.0
307057,6170,4.0
453691,2253,5.0
527542,7384,5.0
781825,5884,4.0
100977,3589,5.0
919192,5063,5.0
140825,2586,1.0
400052,6707,5.0
60193,3299,5.0
97418,457,2.0
802870,4969,5.0
500081,6170,2.0
395642,4834,5.0
370403,1780,3.0
162252,350,4.0
54794,5063,5.0
328188,5054,5.0
802870,1124,5.0
244417,6210,1.0
244417,557,5.0
198176,3092,5.0
44111,7780,5.0
64335,5257,4.0
448602,7089,5.0
431908,4371,5.0
106714,2731,1.0
544034,7904,4.0
714483,6835,5.0
160037,4785,5.0
160037,5124,5.0
423552,5897,5.0
926621,2032,4.0
272709,111,5.0
527542,6890,5.0
647458,4718,5.0
647458,5054,5.0
957867,5808,5.0
780416,6170,2.0
780416,6890,4.0
780416,7780,4.0
159580,5063,5.0
130582,5897,4.0
55007,6005,4.0
2381,2571,4.0
50855,5329,5.0
773500,4782,5.0
85343,6113,2.0
962863,2586,4.0
962863,7081,4.0
155822,5146,3.0
585584,5795,5.0
603454,1124,5.0
467542,162,5.0
387988,8375,5.0
185324,111,5.0
818451,274,4.0
59041,2177,1.0
919192,9406,1.0
188353,4913,4.0
20779,8375,5.0
419364,4785,5.0
515901,8709,3.0
75558,8709,4.0
9224,2083,5.0
957867,4299,4.0
80420,7869,2.0
70238,8709,5.0
978504,6210,5.0
547550,897,4.0
978504,3201,5.0
926621,8032,4.0
188353,5301,5.0
188353,8802,3.0
26106,8709,4.0
474724,5884,5.0
156491,1867,4.0
167270,274,5.0
58601,8851,4.0
419364,6446,5.0
563683,2031,4.0
612783,8802,5.0
473008,3106,5.0
767806,3299,5.0
438379,43,5.0
345107,259,1.0
80476,274,5.0
125755,274,5.0
467542,7446,5.0
425019,3054,5.0
594215,6689,5.0
140825,6689,3.0
49390,3259,5.0
873703,468,5.0
873703,3299,5.0
271342,2279,5.0
793062,3454,3.0
152726,7206,2.0
66664,1659,2.0
465254,2031,5.0
220337,162,5.0
156491,4311,4.0
240144,4485,5.0
66354,9510,5.0
31795,9510,3.0
978504,5808,5.0
268247,9510,5.0
53121,9510,5.0
34323,9510,5.0
13622,9510,5.0
399969,468,5.0
3511,9510,4.0
20275,9510,4.0
932507,8167,2.0
388496,4311,3.0
474724,1517,4.0
907563,5329,5.0
907563,2114,2.0
179602,6591,4.0
223663,1034,5.0
100723,7089,5.0
395519,274,5.0
198376,274,5.0
1004143,6210,4.0
1004143,6936,3.0
1004143,1605,5.0
302153,7203,1.0
727097,8375,1.0
120895,7206,5.0
1007041,2586,5.0
1007041,2355,5.0
1007041,6726,5.0
1004143,1886,5.0
399969,4718,5.0
31795,3375,3.0
225765,3375,5.0
18390,9510,3.0
55578,6210,5.0
33421,9510,5.0
65744,647,5.0
24045,274,5.0
584340,111,3.0
58476,7780,5.0
345696,6835,1.0
58476,836,2.0
957867,5748,5.0
25655,3106,4.0
547550,7780,3.0
40187,9484,5.0
80782,274,5.0
351732,7089,4.0
322338,9484,5.0
134535,3375,4.0
230035,1130,5.0
542278,1124,3.0
190215,5054,5.0
585846,3403,4.0
585846,2031,4.0
1018138,6210,5.0
352578,6170,5.0
352578,3106,5.0
18908,9484,4.0
304575,274,5.0
42558,6170,3.0
408528,2031,5.0
13622,9484,5.0
68524,647,4.0
57807,2031,5.0
654585,3930,2.0
307457,1034,3.0
97858,7780,2.0
106714,2486,4.0
71021,8802,5.0
214258,2253,5.0
100463,7206,4.0
100463,1875,5.0
33444,274,5.0
100463,4181,4.0
30661,9484,4.0
926621,6229,4.0
1018138,6378,3.0
30918,7022,5.0
85491,9510,4.0
290807,8802,3.0
1025525,6744,5.0
90174,1659,5.0
1025525,111,5.0
1025525,6446,3.0
77198,274,5.0
880817,2083,3.0
11517,9510,4.0
88427,9510,3.0
34584,9510,4.0
354993,77,1.0
1030425,7780,5.0
647458,274,5.0
36096,3375,4.0
54794,6817,5.0
962863,6726,4.0
962863,1659,5.0
30755,5838,4.0
183746,6652,1.0
28332,8462,4.0
24045,6378,5.0
34922,7780,5.0
53608,7780,5.0
495832,9406,5.0
495832,468,5.0
18390,9484,5.0
250339,5808,5.0
250339,1670,5.0
115960,274,5.0
179602,7107,3.0
1030425,1034,5.0
1030425,2031,5.0
6225,2031,1.0
1018138,468,5.0
446570,6819,3.0
212411,647,5.0
1025525,647,3.0
226271,5419,3.0
226271,3454,4.0
226271,6591,5.0
165732,4969,5.0
293724,5280,5.0
505858,2486,5.0
505858,3930,5.0
141319,2031,5.0
388496,9406,5.0
31098,7022,1.0
33699,274,5.0
773405,6591,4.0
378854,1780,5.0
232972,3173,5.0
73677,1034,5.0
213134,1875,5.0
307457,7780,3.0
28708,2205,5.0
18427,2284,5.0
42026,5041,3.0
188312,3106,2.0
773405,2673,5.0
899072,4718,5.0
899072,6598,5.0
235432,5146,4.0
26106,6382,4.0
248538,274,5.0
620359,1124,5.0
73677,2902,1.0
18354,1875,5.0
524277,7206,5.0
221601,4371,5.0
123485,2083,5.0
384487,7780,5.0
61652,7780,3.0
921023,5838,5.0
55114,7089,5.0
26433,7022,1.0
123485,111,5.0
18353,2031,3.0
921023,7541,5.0
97858,6170,5.0
354993,2401,5.0
921023,6740,5.0
307057,4718,5.0
96228,6120,5.0
80476,5884,5.0
345107,77,1.0
294247,3728,1.0
165752,2031,5.0
204525,1124,5.0
454217,5178,2.0
893097,468,5.0
33695,3106,5.0
94698,4718,5.0
474510,5838,4.0
64640,3173,5.0
15988,8177,5.0
171909,1661,4.0
109492,6170,5.0
352578,5884,1.0
33451,897,4.0
13534,5124,5.0
249127,6652,4.0
173316,5257,5.0
18702,111,5.0
55339,1867,1.0
101360,2299,3.0
59036,468,5.0
411362,6005,2.0
423552,7780,5.0
459442,7780,2.0
181973,5063,4.0
133835,5884,5.0
355985,3630,5.0
34323,8177,4.0
515901,9537,4.0
350961,6210,4.0
239216,274,5.0
80420,6744,1.0
194552,9537,5.0
1732,9537,5.0
332264,7780,3.0
156041,679,4.0
106714,4311,4.0
978504,7047,3.0
91078,9537,5.0
85491,9537,4.0
379520,7828,5.0
97528,5884,5.0
116880,9537,4.0
97528,274,5.0
147629,4354,5.0
14469,9537,4.0
36106,9537,5.0
32476,9537,5.0
563224,5146,4.0
279509,6378,5.0
43170,9537,3.0
223663,2299,5.0
170649,6591,5.0
544547,9537,5.0
58883,9537,3.0
26433,6170,1.0
98053,5041,5.0
146382,5329,5.0
654585,7107,1.0
24649,7770,2.0
355985,5897,5.0
11581,1605,3.0
76945,9537,4.0
49390,6378,5.0
77523,3938,5.0
560846,7780,4.0
174951,7770,4.0
362601,6210,5.0
544034,1715,5.0
287826,3299,5.0
156491,5041,5.0
388496,8462,4.0
174125,9537,5.0
1030425,5884,5.0
61652,2279,5.0
388519,111,5.0
957867,4311,5.0
505858,6378,5.0
92524,1659,3.0
321419,557,4.0
132413,9537,4.0
547550,5795,2.0
350961,9406,4.0
157731,6819,4.0
12101,307,3.0
302153,1258,5.0
395505,7780,4.0
13300,8177,5.0
73020,6819,5.0
106714,4299,3.0
63739,111,4.0
127482,3375,5.0
19855,9537,3.0
425000,4311,4.0
274488,836,5.0
681980,4969,2.0
227932,4718,5.0
61652,1780,3.0
603454,4718,5.0
92524,7780,5.0
773405,836,1.0
761228,6466,5.0
43145,4718,5.0
1018138,366,4.0
491160,4969,5.0
388519,3106,4.0
388519,5063,1.0
52292,6689,5.0
56618,222,5.0
66129,5838,3.0
118661,4782,5.0
147629,5884,5.0
118661,7780,5.0
101894,1850,5.0
10310,9510,5.0
894644,468,5.0
978504,5838,2.0
168589,2031,5.0
83956,4718,5.0
25429,4718,4.0
92183,9537,4.0
190977,3106,2.0
47062,274,5.0
186569,1850,1.0
22501,1169,4.0
47062,4718,4.0
127934,4718,5.0
360900,5795,5.0
61652,1124,5.0
33451,274,5.0
70238,274,5.0
32433,4718,4.0
544547,4718,5.0
98775,5897,5.0
126512,1875,1.0
35595,6170,5.0
32433,274,5.0
272709,4718,5.0
560132,468,4.0
6442,274,4.0
560132,7605,5.0
156041,274,3.0
893097,1128,4.0
893097,1470,4.0
893097,121,4.0
893097,162,3.0
893097,236,4.0
134709,2279,5.0
932507,3222,3.0
932507,6210,5.0
191287,6210,5.0
20948,4718,5.0
64724,7107,1.0
328189,7780,2.0
28664,4718,5.0
307057,5884,4.0
89120,4718,5.0
497722,220,4.0
144161,1875,5.0
198176,5257,5.0
921023,2031,5.0
459708,7780,4.0
560132,1715,5.0
25518,9537,4.0
19855,4718,5.0
56340,3728,5.0
549565,6120,5.0
549565,5041,5.0
208936,8177,5.0
1007041,2486,3.0
56618,6446,5.0
396971,1867,3.0
901376,3930,1.0
315438,1437,3.0
773405,2466,4.0
523721,7780,5.0
31659,3375,5.0
345107,3106,5.0
40221,7780,4.0
175734,4718,4.0
500081,4718,5.0
25655,4718,2.0
59951,8802,5.0
677166,7842,1.0
80476,4718,5.0
7605,5897,4.0
44111,5884,5.0
376331,4718,4.0
240144,6210,4.0
282877,3936,4.0
423409,7780,4.0
121450,5795,4.0
41963,4718,3.0
133835,6378,5.0
276382,7780,5.0
